,Ship Mode,Segment,Country,City,State,Postal Code,Region,Category,Sub-Category,Sales,Quantity,Discount,Profit
3388,Standard Class,Home Office,United States,Charlotte,North Carolina,28205,South,Office Supplies,Binders,50.454,6,0.7,-33.636
6161,First Class,Corporate,United States,Lakeland,Florida,33801,South,Office Supplies,Labels,11.808,4,0.2,3.9852
9103,Standard Class,Consumer,United States,Houston,Texas,77041,Central,Furniture,Furnishings,64.96,5,0.6,-84.448
5830,Standard Class,Consumer,United States,Richmond,Indiana,47374,Central,Furniture,Chairs,29.98,1,0.0,8.0946
4118,Standard Class,Consumer,United States,Los Angeles,California,90036,West,Office Supplies,Storage,454.86,7,0.0,54.5832
5719,Second Class,Consumer,United States,Lafayette,Indiana,47905,Central,Office Supplies,Storage,81.4,5,0.0,21.164
3850,Standard Class,Corporate,United States,Springfield,Missouri,65807,Central,Office Supplies,Paper,85.96,7,0.0,40.4012
725,Standard Class,Consumer,United States,Austin,Texas,78745,Central,Office Supplies,Envelopes,17.568,2,0.2,6.3684
2076,First Class,Consumer,United States,Baltimore,Maryland,21215,East,Office Supplies,Paper,39.9,5,0.0,19.95
2852,Second Class,Consumer,United States,Oceanside,New York,11572,East,Furniture,Furnishings,14.98,1,0.0,6.8908
7416,Second Class,Corporate,United States,Philadelphia,Pennsylvania,19134,East,Technology,Phones,539.91,3,0.4,-116.9805
8678,Second Class,Home Office,United States,Houston,Texas,77070,Central,Office Supplies,Binders,8.608,8,0.8,-13.3424
291,Second Class,Home Office,United States,Columbus,Ohio,43229,East,Technology,Accessories,255.984,2,0.2,54.3966
5450,Standard Class,Home Office,United States,Olathe,Kansas,66062,Central,Office Supplies,Binders,331.96,2,0.0,149.382
9097,Standard Class,Consumer,United States,Bloomington,Indiana,47401,Central,Office Supplies,Paper,32.4,5,0.0,15.552
6160,First Class,Corporate,United States,Lakeland,Florida,33801,South,Technology,Phones,323.976,3,0.2,28.3479
4110,Standard Class,Corporate,United States,Detroit,Michigan,48227,Central,Furniture,Bookcases,160.98,1,0.0,20.9274
6168,Second Class,Corporate,United States,Los Angeles,California,90008,West,Office Supplies,Paper,22.96,2,0.0,11.2504
2835,Standard Class,Consumer,United States,Los Angeles,California,90036,West,Office Supplies,Appliances,10.89,1,0.0,2.8314
4630,Same Day,Consumer,United States,Mount Pleasant,Michigan,48858,Central,Furniture,Furnishings,17.14,2,0.0,6.1704
8513,Standard Class,Corporate,United States,Orlando,Florida,32839,South,Office Supplies,Paper,20.736,4,0.2,7.2576
8105,First Class,Home Office,United States,Houston,Texas,77041,Central,Furniture,Bookcases,89.0664,1,0.32,-17.0274
6434,Standard Class,Corporate,United States,Chicago,Illinois,60610,Central,Technology,Phones,180.96,5,0.2,13.572
7135,Standard Class,Home Office,United States,Richmond,Indiana,47374,Central,Furniture,Chairs,828.6,3,0.0,240.294
3914,Standard Class,Consumer,United States,Phoenix,Arizona,85023,West,Furniture,Tables,801.6,5,0.5,-448.896
6118,Standard Class,Corporate,United States,Springfield,Oregon,97477,West,Technology,Phones,191.976,3,0.2,19.1976
2999,Standard Class,Consumer,United States,Philadelphia,Pennsylvania,19120,East,Technology,Machines,206.991,3,0.7,-172.4925
5546,First Class,Consumer,United States,Draper,Utah,84020,West,Furniture,Furnishings,25.16,2,0.0,10.5672
3711,First Class,Corporate,United States,Los Angeles,California,90045,West,Office Supplies,Paper,204.95,5,0.0,100.4255
7153,Standard Class,Consumer,United States,Chicago,Illinois,60610,Central,Office Supplies,Appliances,53.088,7,0.8,-108.8304
9044,Second Class,Corporate,United States,Sunnyvale,California,94086,West,Office Supplies,Binders,5.984,2,0.2,2.244
3429,Second Class,Home Office,United States,Lancaster,Ohio,43130,East,Office Supplies,Paper,30.96,6,0.2,11.223
7003,Second Class,Corporate,United States,Los Angeles,California,90045,West,Office Supplies,Binders,69.456,2,0.2,22.5732
5709,Standard Class,Consumer,United States,New York City,New York,10024,East,Furniture,Chairs,127.764,2,0.1,21.294
4557,Standard Class,Consumer,United States,Glendale,Arizona,85301,West,Office Supplies,Binders,8.559,1,0.7,-6.5619
5322,First Class,Home Office,United States,Knoxville,Tennessee,37918,South,Furniture,Furnishings,19.76,2,0.2,5.928
9928,Same Day,Consumer,United States,San Francisco,California,94122,West,Furniture,Furnishings,24.27,3,0.0,8.7372
149,Standard Class,Corporate,United States,Franklin,Wisconsin,53132,Central,Furniture,Chairs,1951.84,8,0.0,585.552
517,Standard Class,Home Office,United States,Great Falls,Montana,59405,West,Office Supplies,Paper,11.96,2,0.0,5.382
6003,Standard Class,Consumer,United States,Miami,Florida,33142,South,Office Supplies,Binders,12.294,1,0.7,-8.6058
8274,Standard Class,Corporate,United States,Mount Vernon,New York,10550,East,Office Supplies,Storage,1085.42,7,0.0,282.2092
8228,Second Class,Home Office,United States,Troy,New York,12180,East,Office Supplies,Storage,31.02,2,0.0,8.0652
1454,First Class,Corporate,United States,Mobile,Alabama,36608,South,Technology,Machines,3040.0,8,0.0,1459.2
4108,Same Day,Consumer,United States,New York City,New York,10011,East,Furniture,Tables,27.414,3,0.4,-14.1639
2696,Standard Class,Home Office,United States,Jacksonville,Florida,32216,South,Technology,Machines,821.3,4,0.5,-16.426
6381,Standard Class,Consumer,United States,Springfield,Ohio,45503,East,Furniture,Bookcases,299.975,5,0.5,-167.986
6726,Standard Class,Consumer,United States,Seattle,Washington,98103,West,Office Supplies,Binders,20.704,4,0.2,7.764
1053,Standard Class,Home Office,United States,New York City,New York,10009,East,Office Supplies,Art,11.16,2,0.0,4.3524
4681,Second Class,Consumer,United States,Auburn,New York,13021,East,Office Supplies,Fasteners,29.61,9,0.0,13.3245
552,First Class,Consumer,United States,Jacksonville,Florida,32216,South,Furniture,Furnishings,34.504,1,0.2,6.0382
6020,Same Day,Consumer,United States,Kenner,Louisiana,70065,South,Office Supplies,Appliances,17.34,2,0.0,4.6818
968,First Class,Home Office,United States,New York City,New York,10011,East,Office Supplies,Labels,8.64,3,0.0,4.2336
4411,First Class,Consumer,United States,New York City,New York,10024,East,Office Supplies,Paper,19.65,3,0.0,9.039
3137,Standard Class,Home Office,United States,Dallas,Texas,75081,Central,Office Supplies,Envelopes,12.224,2,0.2,4.4312
8676,Standard Class,Consumer,United States,Decatur,Illinois,62521,Central,Furniture,Furnishings,7.692,1,0.6,-3.6537
7337,First Class,Corporate,United States,Los Angeles,California,90045,West,Office Supplies,Storage,15.51,1,0.0,3.8775
4473,Same Day,Home Office,United States,Mentor,Ohio,44060,East,Furniture,Tables,344.22,2,0.4,-189.321
8568,Standard Class,Corporate,United States,Hempstead,New York,11550,East,Office Supplies,Binders,968.744,7,0.2,314.8418
2871,Standard Class,Corporate,United States,Tucson,Arizona,85705,West,Furniture,Chairs,314.352,3,0.2,-35.3646
7688,Standard Class,Corporate,United States,Jackson,Michigan,49201,Central,Technology,Accessories,160.0,8,0.0,62.4
7584,Standard Class,Corporate,United States,Springfield,Virginia,22153,South,Office Supplies,Labels,14.4,5,0.0,6.624
202,First Class,Consumer,United States,Denver,Colorado,80219,West,Office Supplies,Appliances,2.6,1,0.2,0.2925
4901,Standard Class,Corporate,United States,Anaheim,California,92804,West,Office Supplies,Supplies,13.98,1,0.0,3.6348
9787,Standard Class,Consumer,United States,Houston,Texas,77070,Central,Furniture,Bookcases,1023.332,5,0.32,-30.098
4161,Standard Class,Consumer,United States,New York City,New York,10035,East,Office Supplies,Storage,22.58,2,0.0,5.8708
4373,Second Class,Consumer,United States,Elkhart,Indiana,46514,Central,Technology,Accessories,159.75,5,0.0,11.1825
201,First Class,Consumer,United States,Denver,Colorado,80219,West,Furniture,Tables,218.75,2,0.5,-161.875
3452,Second Class,Home Office,United States,Raleigh,North Carolina,27604,South,Technology,Phones,471.92,2,0.2,29.495
3927,Standard Class,Consumer,United States,Seattle,Washington,98103,West,Office Supplies,Binders,137.24,5,0.2,46.3185
4366,Second Class,Consumer,United States,Fargo,North Dakota,58103,Central,Office Supplies,Art,21.5,10,0.0,7.095
4577,Standard Class,Consumer,United States,Lewiston,Idaho,83501,West,Office Supplies,Binders,9.584,1,0.2,3.3544
6257,Second Class,Corporate,United States,Columbus,Ohio,43229,East,Office Supplies,Supplies,384.592,2,0.2,-81.7258
2894,Standard Class,Corporate,United States,Rochester,New York,14609,East,Furniture,Furnishings,69.08,11,0.0,29.0136
3919,Standard Class,Corporate,United States,Chesapeake,Virginia,23320,South,Office Supplies,Storage,61.68,4,0.0,16.6536
835,Standard Class,Corporate,United States,Tampa,Florida,33614,South,Technology,Machines,265.475,1,0.5,-111.4995
4405,Standard Class,Consumer,United States,Philadelphia,Pennsylvania,19140,East,Office Supplies,Storage,38.976,3,0.2,-2.436
2480,Standard Class,Consumer,United States,Dallas,Texas,75220,Central,Office Supplies,Storage,153.584,2,0.2,-32.6366
689,Second Class,Consumer,United States,Waynesboro,Virginia,22980,South,Furniture,Furnishings,104.01,1,0.0,14.5614
2014,Standard Class,Consumer,United States,Auburn,Alabama,36830,South,Office Supplies,Paper,13.08,2,0.0,6.0168
5576,Standard Class,Consumer,United States,Pasadena,California,91104,West,Furniture,Furnishings,383.64,6,0.0,122.7648
3439,Same Day,Consumer,United States,Dallas,Texas,75217,Central,Office Supplies,Storage,54.192,6,0.2,4.0644
7205,Standard Class,Consumer,United States,San Francisco,California,94109,West,Furniture,Furnishings,17.46,2,0.0,5.9364
3226,First Class,Corporate,United States,Tempe,Arizona,85281,West,Office Supplies,Supplies,15.36,2,0.2,-3.264
670,Standard Class,Home Office,United States,Chicago,Illinois,60653,Central,Furniture,Tables,108.925,1,0.5,-71.8905
4528,Second Class,Corporate,United States,Marion,Ohio,43302,East,Technology,Accessories,116.832,4,0.2,33.5892
5460,Standard Class,Corporate,United States,Asheville,North Carolina,28806,South,Office Supplies,Storage,16.272,1,0.2,-3.8646
572,Standard Class,Consumer,United States,New York City,New York,10024,East,Office Supplies,Binders,33.264,7,0.2,11.2266
9138,Standard Class,Consumer,United States,Saint Petersburg,Florida,33710,South,Technology,Phones,180.96,5,0.2,13.572
6927,Second Class,Consumer,United States,San Francisco,California,94109,West,Office Supplies,Storage,93.68,4,0.0,25.2936
6751,Second Class,Consumer,United States,Paterson,New Jersey,7501,East,Office Supplies,Appliances,8.74,2,0.0,2.2724
5824,Same Day,Consumer,United States,Columbus,Ohio,43229,East,Office Supplies,Appliances,26.136,3,0.2,1.9602
3824,Standard Class,Consumer,United States,New York City,New York,10011,East,Technology,Copiers,879.984,2,0.2,329.994
3119,First Class,Corporate,United States,Lakeland,Florida,33801,South,Technology,Phones,249.584,2,0.2,31.198
2936,Standard Class,Consumer,United States,Seattle,Washington,98105,West,Office Supplies,Binders,47.208,7,0.2,15.3426
2830,First Class,Consumer,United States,Lancaster,Ohio,43130,East,Office Supplies,Paper,78.304,2,0.2,29.364
2216,First Class,Consumer,United States,San Jose,California,95123,West,Furniture,Chairs,108.608,4,0.2,9.5032
3110,Standard Class,Consumer,United States,Springfield,Missouri,65807,Central,Office Supplies,Paper,51.84,8,0.0,25.4016
8039,Second Class,Corporate,United States,Seattle,Washington,98115,West,Furniture,Chairs,388.704,6,0.2,38.8704
9386,Standard Class,Consumer,United States,Burlington,Vermont,5408,East,Office Supplies,Paper,79.92,4,0.0,37.5624
4512,First Class,Consumer,United States,Phoenix,Arizona,85023,West,Office Supplies,Binders,54.792,6,0.7,-40.1808
771,Standard Class,Corporate,United States,Des Moines,Iowa,50315,Central,Technology,Phones,207.0,3,0.0,51.75
7140,Same Day,Consumer,United States,Saint Charles,Missouri,63301,Central,Technology,Accessories,113.52,4,0.0,46.5432
4519,Standard Class,Corporate,United States,Jacksonville,Florida,32216,South,Office Supplies,Storage,1347.52,8,0.2,84.22
4905,Second Class,Corporate,United States,Concord,New Hampshire,3301,East,Office Supplies,Binders,22.92,4,0.0,11.0016
8126,Standard Class,Consumer,United States,Houston,Texas,77070,Central,Technology,Accessories,18.528,2,0.2,4.4004
521,Standard Class,Consumer,United States,Houston,Texas,77041,Central,Office Supplies,Binders,14.112,9,0.8,-21.168
2879,Standard Class,Home Office,United States,Westfield,New Jersey,7090,East,Technology,Accessories,254.97,3,0.0,91.7892
8328,Standard Class,Consumer,United States,Belleville,New Jersey,7109,East,Office Supplies,Paper,143.7,3,0.0,68.976
3816,Standard Class,Consumer,United States,Mobile,Alabama,36608,South,Furniture,Tables,801.96,2,0.0,200.49
9489,Standard Class,Corporate,United States,Huntsville,Alabama,35810,South,Office Supplies,Art,197.05,7,0.0,59.115
6547,Standard Class,Home Office,United States,Elmhurst,Illinois,60126,Central,Furniture,Chairs,634.116,6,0.3,-172.1172
2144,Standard Class,Corporate,United States,Philadelphia,Pennsylvania,19140,East,Office Supplies,Fasteners,16.688,7,0.2,5.4236
7000,First Class,Corporate,United States,Louisville,Kentucky,40214,South,Office Supplies,Supplies,25.76,2,0.0,0.7728
5945,Standard Class,Corporate,United States,Los Angeles,California,90036,West,Office Supplies,Paper,25.92,4,0.0,12.4416
8449,First Class,Corporate,United States,Cranston,Rhode Island,2920,East,Office Supplies,Paper,43.44,8,0.0,21.2856
4801,Standard Class,Corporate,United States,Jacksonville,Florida,32216,South,Office Supplies,Binders,10.38,2,0.7,-7.612
4539,Standard Class,Corporate,United States,Providence,Rhode Island,2908,East,Technology,Phones,105.98,2,0.0,1.0598
3955,Standard Class,Consumer,United States,Detroit,Michigan,48205,Central,Office Supplies,Art,79.36,4,0.0,23.808
421,First Class,Consumer,United States,Louisville,Colorado,80027,West,Technology,Accessories,196.752,6,0.2,56.5662
9564,Standard Class,Home Office,United States,Los Angeles,California,90045,West,Office Supplies,Paper,11.76,2,0.0,5.7624
7322,Standard Class,Corporate,United States,Chicago,Illinois,60623,Central,Technology,Accessories,100.8,2,0.2,21.42
4235,First Class,Home Office,United States,Philadelphia,Pennsylvania,19143,East,Office Supplies,Labels,20.808,9,0.2,7.0227
5798,Second Class,Consumer,United States,New York City,New York,10011,East,Office Supplies,Paper,77.52,2,0.0,37.9848
7858,First Class,Corporate,United States,New York City,New York,10024,East,Office Supplies,Appliances,235.95,3,0.0,77.8635
8170,Standard Class,Home Office,United States,Seattle,Washington,98105,West,Technology,Accessories,108.96,3,0.0,32.688
8511,Standard Class,Consumer,United States,New York City,New York,10035,East,Office Supplies,Binders,25.584,2,0.2,8.9544
1045,Standard Class,Home Office,United States,Rockford,Illinois,61107,Central,Furniture,Chairs,254.604,14,0.3,-18.186
6520,Second Class,Consumer,United States,Jackson,Michigan,49201,Central,Office Supplies,Binders,5443.96,4,0.0,2504.2216
8414,Standard Class,Corporate,United States,Arlington,Texas,76017,Central,Technology,Accessories,165.6,3,0.2,-6.21
2120,Standard Class,Consumer,United States,Ormond Beach,Florida,32174,South,Office Supplies,Binders,2.808,3,0.7,-1.9656
2094,Standard Class,Consumer,United States,Wilmington,North Carolina,28403,South,Office Supplies,Art,13.12,5,0.2,1.476
5684,Standard Class,Consumer,United States,Athens,Georgia,30605,South,Office Supplies,Appliances,154.9,5,0.0,40.274
686,First Class,Consumer,United States,Jackson,Mississippi,39212,South,Office Supplies,Labels,14.62,2,0.0,6.8714
8470,Standard Class,Home Office,United States,Clarksville,Tennessee,37042,South,Technology,Accessories,45.408,2,0.2,11.9196
9665,Standard Class,Consumer,United States,Los Angeles,California,90049,West,Furniture,Furnishings,119.94,3,0.0,23.988
6530,Standard Class,Home Office,United States,El Paso,Texas,79907,Central,Office Supplies,Binders,4.428,3,0.8,-6.8634
3179,Standard Class,Corporate,United States,New York City,New York,10011,East,Furniture,Furnishings,58.68,2,0.0,18.1908
6006,Standard Class,Corporate,United States,New Bedford,Massachusetts,2740,East,Technology,Phones,128.85,3,0.0,3.8655
8563,Standard Class,Home Office,United States,Sanford,Florida,32771,South,Office Supplies,Binders,4.842,3,0.7,-3.5508
1860,First Class,Consumer,United States,New York City,New York,10009,East,Furniture,Bookcases,257.568,2,0.2,-28.9764
3989,Second Class,Consumer,United States,Woonsocket,Rhode Island,2895,East,Furniture,Furnishings,52.96,2,0.0,20.1248
317,Standard Class,Home Office,United States,New York City,New York,10024,East,Furniture,Chairs,135.882,1,0.1,24.1568
8823,Standard Class,Consumer,United States,Orlando,Florida,32839,South,Office Supplies,Paper,10.688,2,0.2,3.7408
3031,Standard Class,Corporate,United States,Lincoln Park,Michigan,48146,Central,Office Supplies,Art,25.99,1,0.0,7.5371
3047,Standard Class,Consumer,United States,Seattle,Washington,98105,West,Office Supplies,Binders,43.176,7,0.2,13.4925
9397,First Class,Consumer,United States,New York City,New York,10011,East,Office Supplies,Appliances,30.98,1,0.0,8.0548
3520,Standard Class,Corporate,United States,Sacramento,California,95823,West,Office Supplies,Binders,12.832,2,0.2,4.3308
9971,Standard Class,Home Office,United States,Smyrna,Georgia,30080,South,Office Supplies,Art,140.75,5,0.0,42.225
2179,Standard Class,Consumer,United States,New York City,New York,10009,East,Office Supplies,Binders,85.232,7,0.2,30.8966
5423,Second Class,Corporate,United States,Richmond,Kentucky,40475,South,Office Supplies,Paper,26.4,5,0.0,11.88
6522,Second Class,Consumer,United States,Jackson,Michigan,49201,Central,Office Supplies,Paper,56.07,7,0.0,25.2315
7999,First Class,Corporate,United States,Seattle,Washington,98105,West,Office Supplies,Appliances,57.68,4,0.0,19.0344
5917,Standard Class,Consumer,United States,New York City,New York,10035,East,Furniture,Bookcases,4228.704,6,0.2,158.5764
7004,Standard Class,Corporate,United States,Port Arthur,Texas,77642,Central,Office Supplies,Paper,5.184,1,0.2,1.8144
5356,Standard Class,Consumer,United States,San Francisco,California,94109,West,Office Supplies,Binders,27.24,5,0.2,9.534
3284,Standard Class,Consumer,United States,Fairfield,Ohio,45014,East,Office Supplies,Binders,63.924,7,0.7,-46.8776
9347,First Class,Home Office,United States,Troy,Ohio,45373,East,Furniture,Chairs,899.43,5,0.3,-12.849
4813,Second Class,Consumer,United States,Philadelphia,Pennsylvania,19134,East,Furniture,Furnishings,48.576,3,0.2,9.7152
2302,Standard Class,Corporate,United States,Columbus,Georgia,31907,South,Technology,Accessories,316.0,4,0.0,31.6
9906,First Class,Corporate,United States,Anaheim,California,92804,West,Office Supplies,Binders,25.032,3,0.2,7.8225
9188,Standard Class,Home Office,United States,Allentown,Pennsylvania,18103,East,Technology,Accessories,21.728,4,0.2,3.8024
4501,Standard Class,Corporate,United States,Houston,Texas,77095,Central,Office Supplies,Paper,25.92,5,0.2,9.072
1201,Standard Class,Corporate,United States,Denver,Colorado,80219,West,Office Supplies,Binders,1.872,3,0.7,-1.4352
7050,Same Day,Consumer,United States,Anaheim,California,92804,West,Office Supplies,Binders,209.6,5,0.2,68.12
2246,Standard Class,Home Office,United States,Pasadena,California,91104,West,Technology,Phones,659.976,3,0.2,49.4982
186,Standard Class,Home Office,United States,Los Angeles,California,90032,West,Technology,Accessories,176.8,8,0.0,22.984
1176,Second Class,Home Office,United States,Los Angeles,California,90004,West,Office Supplies,Labels,11.56,4,0.0,5.4332
4015,Standard Class,Consumer,United States,Atlanta,Georgia,30318,South,Office Supplies,Paper,193.8,5,0.0,94.962
5271,Same Day,Corporate,United States,Los Angeles,California,90008,West,Furniture,Furnishings,27.92,4,0.0,8.0968
4597,Standard Class,Home Office,United States,Milwaukee,Wisconsin,53209,Central,Office Supplies,Supplies,21.81,3,0.0,5.8887
6200,Standard Class,Consumer,United States,Evanston,Illinois,60201,Central,Technology,Copiers,1439.968,4,0.2,485.9892
2039,Standard Class,Home Office,United States,Peoria,Arizona,85345,West,Office Supplies,Binders,4.536,7,0.7,-3.3264
7831,Standard Class,Corporate,United States,San Diego,California,92105,West,Office Supplies,Binders,50.352,3,0.2,17.6232
7473,Standard Class,Corporate,United States,Chicago,Illinois,60653,Central,Office Supplies,Art,13.568,4,0.2,3.2224
9760,Standard Class,Home Office,United States,Springdale,Arkansas,72762,South,Office Supplies,Art,4.3,2,0.0,1.419
3012,Standard Class,Home Office,United States,Louisville,Colorado,80027,West,Office Supplies,Binders,21.594,2,0.7,-15.8356
588,Standard Class,Consumer,United States,Salem,Oregon,97301,West,Technology,Phones,84.784,2,0.2,-20.1362
2525,Standard Class,Consumer,United States,Houston,Texas,77041,Central,Technology,Accessories,25.488,2,0.2,4.4604
143,Standard Class,Corporate,United States,San Francisco,California,94122,West,Office Supplies,Paper,143.7,3,0.0,68.976
313,Standard Class,Corporate,United States,Hackensack,New Jersey,7601,East,Furniture,Furnishings,87.54,3,0.0,37.6422
9281,Standard Class,Consumer,United States,Richmond,Virginia,23223,South,Office Supplies,Appliances,67.9,5,0.0,20.37
2770,Standard Class,Consumer,United States,Dallas,Texas,75220,Central,Technology,Accessories,47.976,3,0.2,1.7991
3595,Standard Class,Corporate,United States,Philadelphia,Pennsylvania,19143,East,Office Supplies,Art,2.624,1,0.2,0.4264
7874,Standard Class,Home Office,United States,Lake Forest,California,92630,West,Office Supplies,Paper,97.82,2,0.0,45.9754
4613,Standard Class,Consumer,United States,Jacksonville,Florida,32216,South,Office Supplies,Paper,23.48,5,0.2,8.218
1494,Second Class,Consumer,United States,Columbus,Georgia,31907,South,Office Supplies,Art,40.05,3,0.0,11.214
2985,Standard Class,Home Office,United States,Columbus,Georgia,31907,South,Furniture,Furnishings,24.96,4,0.0,6.24
7522,Standard Class,Consumer,United States,Lancaster,Ohio,43130,East,Office Supplies,Binders,8.856,6,0.7,-6.4944
4138,First Class,Corporate,United States,Deer Park,Texas,77536,Central,Office Supplies,Binders,6.924,6,0.8,-10.386
7114,First Class,Corporate,United States,Henderson,Nevada,89015,West,Furniture,Tables,1685.88,6,0.0,320.3172
1885,Second Class,Consumer,United States,San Francisco,California,94122,West,Furniture,Furnishings,31.56,3,0.0,10.4148
9411,Second Class,Corporate,United States,Glendale,Arizona,85301,West,Office Supplies,Storage,104.696,1,0.2,6.5435
9082,Standard Class,Consumer,United States,Springfield,Virginia,22153,South,Office Supplies,Art,5.56,2,0.0,1.4456
4371,Standard Class,Home Office,United States,Lawrence,Indiana,46226,Central,Office Supplies,Labels,51.75,5,0.0,24.84
5455,Standard Class,Corporate,United States,Philadelphia,Pennsylvania,19143,East,Office Supplies,Art,6.848,2,0.2,0.7704
4027,First Class,Corporate,United States,Bedford,Texas,76021,Central,Technology,Phones,153.584,2,0.2,13.4386
6779,Second Class,Consumer,United States,Baltimore,Maryland,21215,East,Furniture,Furnishings,14.76,2,0.0,4.2804
4611,Second Class,Corporate,United States,Gulfport,Mississippi,39503,South,Office Supplies,Binders,31.36,4,0.0,15.68
5827,Second Class,Home Office,United States,New York City,New York,10035,East,Furniture,Chairs,181.764,2,0.1,-8.0784
9357,Second Class,Corporate,United States,New York City,New York,10024,East,Office Supplies,Binders,43.12,5,0.2,15.092
1238,Standard Class,Consumer,United States,Seattle,Washington,98105,West,Furniture,Furnishings,12.35,1,0.0,5.434
7648,First Class,Corporate,United States,San Francisco,California,94110,West,Furniture,Chairs,1352.032,4,0.2,84.502
1175,Standard Class,Home Office,United States,Concord,New Hampshire,3301,East,Office Supplies,Supplies,27.93,3,0.0,8.0997
3127,Standard Class,Consumer,United States,New York City,New York,10011,East,Office Supplies,Paper,49.12,4,0.0,23.0864
5989,Standard Class,Consumer,United States,Hattiesburg,Mississippi,39401,South,Furniture,Bookcases,504.9,5,0.0,126.225
3784,Standard Class,Home Office,United States,Fort Lauderdale,Florida,33311,South,Technology,Accessories,41.424,2,0.2,8.2848
3671,Standard Class,Consumer,United States,Salem,Oregon,97301,West,Office Supplies,Storage,39.072,3,0.2,2.9304
1834,Standard Class,Corporate,United States,Austin,Texas,78745,Central,Office Supplies,Paper,36.288,7,0.2,12.7008
230,Standard Class,Corporate,United States,Charlotte,North Carolina,28205,South,Office Supplies,Binders,18.648,7,0.7,-12.432
6803,Standard Class,Corporate,United States,Phoenix,Arizona,85023,West,Furniture,Chairs,47.968,2,0.2,4.1972
9331,Standard Class,Corporate,United States,Springfield,Oregon,97477,West,Technology,Phones,859.2,3,0.2,75.18
2492,Standard Class,Consumer,United States,Jamestown,New York,14701,East,Technology,Phones,4548.81,7,0.0,1228.1787
6377,Standard Class,Consumer,United States,Los Angeles,California,90004,West,Furniture,Furnishings,14.76,2,0.0,4.2804
9463,First Class,Consumer,United States,Columbus,Ohio,43229,East,Office Supplies,Art,19.456,4,0.2,3.4048
1796,First Class,Home Office,United States,New York City,New York,10024,East,Technology,Phones,347.97,3,0.0,100.9113
90,Standard Class,Corporate,United States,Los Angeles,California,90036,West,Technology,Phones,73.584,2,0.2,8.2782
5729,Standard Class,Consumer,United States,Madison,Wisconsin,53711,Central,Office Supplies,Labels,61.06,2,0.0,28.0876
1214,Standard Class,Corporate,United States,Philadelphia,Pennsylvania,19134,East,Office Supplies,Binders,4.503,1,0.7,-3.6024
6716,Standard Class,Home Office,United States,Hot Springs,Arkansas,71901,South,Office Supplies,Fasteners,30.0,6,0.0,14.4
6598,Standard Class,Consumer,United States,Jacksonville,Florida,32216,South,Office Supplies,Paper,62.016,2,0.2,22.4808
2694,Standard Class,Consumer,United States,Hialeah,Florida,33012,South,Furniture,Furnishings,15.384,1,0.2,4.0383
4766,First Class,Corporate,United States,San Antonio,Texas,78207,Central,Technology,Accessories,113.52,5,0.2,29.799
5836,Standard Class,Consumer,United States,Miami,Florida,33178,South,Technology,Accessories,72.6,5,0.2,-8.1675
8781,First Class,Corporate,United States,Houston,Texas,77070,Central,Furniture,Bookcases,1227.9984,6,0.32,-36.1176
2908,Standard Class,Consumer,United States,Eagan,Minnesota,55122,Central,Office Supplies,Labels,14.94,3,0.0,6.8724
1603,Standard Class,Consumer,United States,Newark,Delaware,19711,East,Office Supplies,Art,155.94,6,0.0,45.2226
5584,Standard Class,Home Office,United States,New York City,New York,10011,East,Office Supplies,Storage,83.56,4,0.0,1.6712
1069,Standard Class,Home Office,United States,Philadelphia,Pennsylvania,19143,East,Office Supplies,Binders,25.176,4,0.7,-18.4624
9948,Second Class,Corporate,United States,Indianapolis,Indiana,46203,Central,Office Supplies,Appliances,2405.2,8,0.0,793.716
6343,First Class,Home Office,United States,Newark,Delaware,19711,East,Office Supplies,Binders,30.44,2,0.0,14.9156
7823,Standard Class,Home Office,United States,Newark,Delaware,19711,East,Technology,Accessories,149.97,3,0.0,52.4895
6984,Standard Class,Consumer,United States,Detroit,Michigan,48227,Central,Office Supplies,Appliances,376.74,4,0.1,71.162
7328,Standard Class,Home Office,United States,Burbank,California,91505,West,Technology,Machines,1279.968,4,0.2,415.9896
5640,Standard Class,Home Office,United States,Lakewood,Ohio,44107,East,Office Supplies,Paper,28.8,9,0.2,10.08
372,Standard Class,Consumer,United States,Tucson,Arizona,85705,West,Office Supplies,Binders,8.16,5,0.7,-5.712
2078,First Class,Consumer,United States,Baltimore,Maryland,21215,East,Office Supplies,Paper,94.85,5,0.0,45.528
7206,Standard Class,Consumer,United States,San Francisco,California,94109,West,Technology,Machines,369.16,11,0.2,32.3015
8942,First Class,Consumer,United States,Portland,Oregon,97206,West,Technology,Machines,179.991,3,0.7,-251.9874
5442,Standard Class,Consumer,United States,New York City,New York,10035,East,Technology,Accessories,99.6,1,0.0,36.852
8250,Second Class,Consumer,United States,Chicago,Illinois,60653,Central,Furniture,Furnishings,4.712,2,0.6,-1.8848
9846,Second Class,Home Office,United States,Los Angeles,California,90008,West,Office Supplies,Appliances,43.1,5,0.0,11.206
6570,Standard Class,Consumer,United States,Houston,Texas,77095,Central,Office Supplies,Envelopes,149.352,3,0.2,50.4063
2481,Standard Class,Consumer,United States,Seattle,Washington,98105,West,Office Supplies,Storage,1003.62,6,0.0,0.0
3256,Standard Class,Corporate,United States,Jacksonville,Florida,32216,South,Office Supplies,Labels,4.608,2,0.2,1.6704
133,Standard Class,Consumer,United States,Roseville,California,95661,West,Office Supplies,Paper,20.04,3,0.0,9.6192
6966,Second Class,Corporate,United States,Columbia,South Carolina,29203,South,Office Supplies,Binders,6.46,2,0.0,3.1654
7169,Second Class,Consumer,United States,San Francisco,California,94122,West,Furniture,Tables,170.352,3,0.2,19.1646
7175,Standard Class,Corporate,United States,Houston,Texas,77070,Central,Office Supplies,Appliances,87.168,8,0.8,-226.6368
8017,First Class,Home Office,United States,Lancaster,Ohio,43130,East,Office Supplies,Art,30.816,9,0.2,2.6964
9364,Standard Class,Home Office,United States,Seattle,Washington,98105,West,Office Supplies,Storage,359.32,4,0.0,7.1864
379,Standard Class,Consumer,United States,Houston,Texas,77095,Central,Office Supplies,Storage,23.832,3,0.2,2.6811
4239,Standard Class,Corporate,United States,Grand Rapids,Michigan,49505,Central,Office Supplies,Paper,209.7,2,0.0,100.656
25,Second Class,Consumer,United States,Los Angeles,California,90049,West,Office Supplies,Binders,11.648,2,0.2,4.2224
7194,First Class,Consumer,United States,Atlanta,Georgia,30318,South,Office Supplies,Binders,15.92,4,0.0,7.4824
1258,Second Class,Home Office,United States,Charlotte,North Carolina,28205,South,Office Supplies,Storage,540.048,3,0.2,-47.2542
1968,Standard Class,Consumer,United States,Paterson,New Jersey,7501,East,Office Supplies,Paper,166.44,3,0.0,79.8912
6494,Second Class,Consumer,United States,Houston,Texas,77095,Central,Technology,Accessories,24.0,2,0.2,-2.7
9093,Standard Class,Consumer,United States,Detroit,Michigan,48227,Central,Technology,Phones,299.98,2,0.0,83.9944
8787,Standard Class,Corporate,United States,Phoenix,Arizona,85023,West,Technology,Accessories,271.968,4,0.2,54.3936
5235,First Class,Corporate,United States,Indianapolis,Indiana,46203,Central,Office Supplies,Appliances,54.96,3,0.0,15.9384
6783,Second Class,Consumer,United States,Philadelphia,Pennsylvania,19143,East,Office Supplies,Supplies,37.752,3,0.2,4.2471
7218,First Class,Consumer,United States,San Francisco,California,94109,West,Technology,Accessories,339.96,4,0.0,122.3856
1484,Standard Class,Corporate,United States,Seattle,Washington,98115,West,Technology,Accessories,177.0,3,0.0,30.09
9726,First Class,Consumer,United States,Lowell,Massachusetts,1852,East,Office Supplies,Appliances,286.86,7,0.0,80.3208
8233,Standard Class,Consumer,United States,San Jose,California,95123,West,Office Supplies,Storage,40.68,2,0.0,0.4068
1386,Same Day,Home Office,United States,Smyrna,Georgia,30080,South,Furniture,Bookcases,239.98,2,0.0,52.7956
1918,Second Class,Home Office,United States,Detroit,Michigan,48227,Central,Technology,Phones,299.9,2,0.0,74.975
3545,Second Class,Consumer,United States,College Station,Texas,77840,Central,Office Supplies,Appliances,29.312,8,0.8,-74.7456
5012,Standard Class,Home Office,United States,Cleveland,Ohio,44105,East,Office Supplies,Binders,33.93,3,0.7,-22.62
1586,First Class,Consumer,United States,New York City,New York,10024,East,Office Supplies,Paper,143.7,3,0.0,68.976
1425,Standard Class,Corporate,United States,Mesa,Arizona,85204,West,Office Supplies,Storage,363.648,4,0.2,-86.3664
2030,Standard Class,Corporate,United States,Leominster,Massachusetts,1453,East,Office Supplies,Binders,61.04,4,0.0,30.52
3336,First Class,Consumer,United States,Oakland,California,94601,West,Furniture,Furnishings,129.92,4,0.0,10.3936
1768,Standard Class,Consumer,United States,Greensboro,North Carolina,27405,South,Office Supplies,Binders,51.465,5,0.7,-39.4565
2414,Standard Class,Consumer,United States,Milwaukee,Wisconsin,53209,Central,Furniture,Chairs,754.45,5,0.0,60.356
3650,Second Class,Consumer,United States,Detroit,Michigan,48234,Central,Technology,Accessories,104.88,6,0.0,41.952
5218,Standard Class,Corporate,United States,New York City,New York,10011,East,Office Supplies,Art,8.4,5,0.0,4.2
3623,Standard Class,Consumer,United States,Macon,Georgia,31204,South,Office Supplies,Binders,7.16,2,0.0,3.4368
7659,Standard Class,Corporate,United States,Fremont,Nebraska,68025,Central,Office Supplies,Binders,53.9,5,0.0,25.872
7503,Same Day,Consumer,United States,Los Angeles,California,90036,West,Technology,Phones,164.792,1,0.2,18.5391
5676,Standard Class,Corporate,United States,Seattle,Washington,98115,West,Technology,Accessories,27.6,4,0.0,2.208
3834,Same Day,Corporate,United States,Columbus,Ohio,43229,East,Furniture,Chairs,611.058,3,0.3,-34.9176
4361,Second Class,Consumer,United States,Lafayette,Louisiana,70506,South,Technology,Phones,29.16,3,0.0,8.4564
8952,Standard Class,Consumer,United States,Jackson,Tennessee,38301,South,Office Supplies,Art,23.128,7,0.2,2.891
4660,Standard Class,Consumer,United States,Philadelphia,Pennsylvania,19140,East,Technology,Accessories,27.552,3,0.2,-0.3444
1088,Second Class,Corporate,United States,Oakland,California,94601,West,Office Supplies,Labels,3.15,1,0.0,1.512
6082,Standard Class,Consumer,United States,Houston,Texas,77095,Central,Office Supplies,Binders,6.216,6,0.8,-9.6348
5975,Standard Class,Corporate,United States,Overland Park,Kansas,66212,Central,Office Supplies,Storage,360.38,2,0.0,93.6988
435,Standard Class,Consumer,United States,Jacksonville,Florida,32216,South,Technology,Accessories,247.8,5,0.2,-18.585
9307,Standard Class,Consumer,United States,San Francisco,California,94110,West,Office Supplies,Art,14.88,2,0.0,3.72
1164,Standard Class,Home Office,United States,New York City,New York,10035,East,Office Supplies,Binders,25.32,5,0.2,9.1785
2105,Standard Class,Consumer,United States,Boynton Beach,Florida,33437,South,Office Supplies,Paper,15.552,3,0.2,5.4432
6149,First Class,Corporate,United States,Long Beach,California,90805,West,Furniture,Chairs,340.704,6,0.2,-34.0704
7184,Standard Class,Home Office,United States,Houston,Texas,77095,Central,Office Supplies,Supplies,5.552,2,0.2,-1.041
8336,Standard Class,Consumer,United States,Arlington,Virginia,22204,South,Office Supplies,Art,7.7,2,0.0,3.157
3293,Standard Class,Consumer,United States,San Diego,California,92024,West,Furniture,Furnishings,3.48,2,0.0,1.1136
1805,First Class,Corporate,United States,Los Angeles,California,90049,West,Technology,Phones,2575.944,7,0.2,257.5944
4835,Standard Class,Home Office,United States,San Francisco,California,94110,West,Office Supplies,Paper,61.96,2,0.0,27.882
180,Second Class,Corporate,United States,Decatur,Illinois,62521,Central,Office Supplies,Storage,24.816,2,0.2,1.8612
6659,Standard Class,Home Office,United States,Gilbert,Arizona,85234,West,Furniture,Tables,386.91,9,0.5,-185.7168
3095,Same Day,Consumer,United States,Bolingbrook,Illinois,60440,Central,Office Supplies,Fasteners,12.032,8,0.2,2.256
4336,Standard Class,Consumer,United States,Bullhead City,Arizona,86442,West,Furniture,Furnishings,14.368,2,0.2,3.9512
1857,Second Class,Corporate,United States,Houston,Texas,77041,Central,Office Supplies,Binders,34.24,4,0.8,-53.072
3412,Standard Class,Corporate,United States,San Francisco,California,94122,West,Office Supplies,Art,11.76,4,0.0,3.1752
2608,Standard Class,Corporate,United States,Arlington,Texas,76017,Central,Office Supplies,Labels,2.52,1,0.2,0.882
6196,Standard Class,Consumer,United States,Philadelphia,Pennsylvania,19143,East,Office Supplies,Storage,71.376,3,0.2,-4.461
699,First Class,Home Office,United States,Chester,Pennsylvania,19013,East,Office Supplies,Binders,18.588,2,0.7,-13.6312
3982,Second Class,Consumer,United States,Los Angeles,California,90045,West,Furniture,Chairs,287.968,4,0.2,-3.5996
9409,First Class,Consumer,United States,Philadelphia,Pennsylvania,19143,East,Office Supplies,Binders,3.273,1,0.7,-2.5093
5244,Second Class,Corporate,United States,Los Angeles,California,90032,West,Furniture,Tables,136.464,2,0.2,15.3522
4152,Standard Class,Consumer,United States,Philadelphia,Pennsylvania,19134,East,Office Supplies,Paper,15.552,3,0.2,5.4432
7612,First Class,Consumer,United States,Garden City,Kansas,67846,Central,Office Supplies,Fasteners,5.81,1,0.0,1.8011
3455,Standard Class,Consumer,United States,Nashville,Tennessee,37211,South,Office Supplies,Paper,16.496,2,0.2,5.5674
2349,Same Day,Corporate,United States,Los Angeles,California,90032,West,Office Supplies,Binders,69.456,2,0.2,22.5732
9250,Standard Class,Corporate,United States,Marion,Iowa,52302,Central,Office Supplies,Binders,115.84,8,0.0,54.4448
7196,Standard Class,Home Office,United States,Los Angeles,California,90036,West,Office Supplies,Art,21.4,5,0.0,6.206
1881,Same Day,Consumer,United States,New York City,New York,10011,East,Furniture,Chairs,383.607,7,0.1,63.9345
1271,Standard Class,Corporate,United States,Chicago,Illinois,60623,Central,Office Supplies,Appliances,48.792,3,0.8,-126.8592
2624,First Class,Home Office,United States,New York City,New York,10024,East,Technology,Phones,2399.6,8,0.0,647.892
8360,Second Class,Consumer,United States,El Paso,Texas,79907,Central,Office Supplies,Art,31.744,2,0.2,3.968
3842,First Class,Corporate,United States,Los Angeles,California,90049,West,Office Supplies,Binders,7.184,2,0.2,2.245
4629,Standard Class,Corporate,United States,New York City,New York,10011,East,Office Supplies,Storage,36.63,3,0.0,9.8901
9318,Standard Class,Corporate,United States,New York City,New York,10009,East,Office Supplies,Paper,13.36,2,0.0,6.4128
8142,Standard Class,Consumer,United States,San Diego,California,92037,West,Office Supplies,Storage,186.54,3,0.0,50.3658
8904,Same Day,Home Office,United States,New York City,New York,10009,East,Office Supplies,Labels,30.53,1,0.0,14.0438
9174,Second Class,Consumer,United States,Kent,Washington,98031,West,Technology,Phones,71.976,3,0.2,8.997
6154,First Class,Corporate,United States,Philadelphia,Pennsylvania,19120,East,Office Supplies,Storage,51.336,3,0.2,5.7753
8044,Second Class,Consumer,United States,Salt Lake City,Utah,84106,West,Office Supplies,Binders,295.056,9,0.2,106.9578
8630,Standard Class,Corporate,United States,New York City,New York,10011,East,Office Supplies,Fasteners,7.24,4,0.0,2.3892
6495,Second Class,Consumer,United States,Houston,Texas,77095,Central,Office Supplies,Paper,15.552,3,0.2,5.4432
9502,Standard Class,Consumer,United States,Rome,New York,13440,East,Office Supplies,Art,32.13,9,0.0,8.3538
1554,Standard Class,Corporate,United States,Bellevue,Washington,98006,West,Office Supplies,Art,5.28,3,0.0,1.5312
2862,Standard Class,Consumer,United States,Orlando,Florida,32839,South,Office Supplies,Paper,20.736,4,0.2,7.2576
5793,First Class,Consumer,United States,Bakersfield,California,93309,West,Furniture,Furnishings,51.75,1,0.0,15.525
7998,First Class,Corporate,United States,Seattle,Washington,98105,West,Furniture,Furnishings,12.18,7,0.0,3.8976
3871,Second Class,Consumer,United States,San Diego,California,92105,West,Office Supplies,Envelopes,11.8,4,0.0,5.664
7895,Standard Class,Home Office,United States,Wheeling,West Virginia,26003,East,Office Supplies,Binders,6.24,2,0.0,3.0576
4550,First Class,Consumer,United States,Manchester,Connecticut,6040,East,Office Supplies,Labels,5.76,2,0.0,2.8224
5351,Standard Class,Corporate,United States,Dallas,Texas,75217,Central,Office Supplies,Paper,41.92,4,0.2,15.196
2790,First Class,Corporate,United States,Omaha,Nebraska,68104,Central,Office Supplies,Appliances,25.96,2,0.0,7.5284
9336,Standard Class,Corporate,United States,San Francisco,California,94110,West,Office Supplies,Fasteners,17.9,5,0.0,8.771
353,First Class,Home Office,United States,New York City,New York,10009,East,Office Supplies,Binders,4355.168,4,0.2,1415.4296
7722,Standard Class,Home Office,United States,San Francisco,California,94109,West,Office Supplies,Appliances,40.74,3,0.0,12.222
8802,First Class,Consumer,United States,Oklahoma City,Oklahoma,73120,Central,Furniture,Bookcases,341.96,2,0.0,54.7136
1639,Standard Class,Consumer,United States,Washington,District of Columbia,20016,East,Office Supplies,Binders,9.64,2,0.0,4.4344
6539,Standard Class,Corporate,United States,Newark,Delaware,19711,East,Furniture,Chairs,291.1,5,0.0,75.686
5841,Standard Class,Consumer,United States,San Diego,California,92105,West,Technology,Phones,415.968,4,0.2,51.996
4297,Second Class,Consumer,United States,Tallahassee,Florida,32303,South,Technology,Phones,4367.896,13,0.2,327.5922
175,Standard Class,Corporate,United States,Chicago,Illinois,60623,Central,Office Supplies,Labels,20.16,4,0.2,6.552
4482,Standard Class,Consumer,United States,Los Angeles,California,90049,West,Office Supplies,Binders,43.584,12,0.2,15.7992
5817,Same Day,Consumer,United States,Utica,New York,13501,East,Office Supplies,Binders,17.088,4,0.2,5.7672
4682,Same Day,Consumer,United States,Raleigh,North Carolina,27604,South,Technology,Phones,863.928,9,0.2,86.3928
243,Second Class,Consumer,United States,Chicago,Illinois,60610,Central,Office Supplies,Art,7.408,2,0.2,1.2038
2581,Standard Class,Home Office,United States,Alexandria,Virginia,22304,South,Office Supplies,Paper,16.68,2,0.0,8.34
4227,Standard Class,Home Office,United States,Seattle,Washington,98103,West,Furniture,Chairs,61.584,1,0.2,-6.9282
1414,Second Class,Home Office,United States,Costa Mesa,California,92627,West,Technology,Accessories,239.97,3,0.0,26.3967
6466,Second Class,Consumer,United States,Los Angeles,California,90008,West,Technology,Accessories,68.46,7,0.0,25.3302
7793,Second Class,Corporate,United States,Las Vegas,Nevada,89115,West,Office Supplies,Paper,32.4,5,0.0,15.876
128,Second Class,Home Office,United States,Los Angeles,California,90004,West,Furniture,Chairs,81.424,2,0.2,-9.1602
1633,Same Day,Consumer,United States,Cleveland,Ohio,44105,East,Office Supplies,Storage,25.12,2,0.2,1.57
1821,Standard Class,Corporate,United States,Chicago,Illinois,60623,Central,Office Supplies,Fasteners,6.976,4,0.2,1.8312
9669,Standard Class,Consumer,United States,Decatur,Alabama,35601,South,Office Supplies,Labels,14.94,3,0.0,6.8724
3844,First Class,Corporate,United States,Los Angeles,California,90049,West,Office Supplies,Supplies,480.74,2,0.0,14.4222
8266,Standard Class,Consumer,United States,Dover,Delaware,19901,East,Technology,Phones,19.98,2,0.0,5.1948
5970,First Class,Consumer,United States,San Diego,California,92105,West,Office Supplies,Paper,19.92,4,0.0,9.7608
6411,First Class,Consumer,United States,Houston,Texas,77041,Central,Office Supplies,Paper,76.864,2,0.2,26.9024
6945,Standard Class,Consumer,United States,New York City,New York,10011,East,Furniture,Bookcases,523.92,5,0.2,-26.196
8480,Standard Class,Consumer,United States,Omaha,Nebraska,68104,Central,Technology,Phones,35.98,2,0.0,10.0744
5424,Standard Class,Consumer,United States,Waterbury,Connecticut,6708,East,Office Supplies,Art,3.52,2,0.0,1.0208
8094,Second Class,Consumer,United States,Seattle,Washington,98115,West,Office Supplies,Paper,26.2,4,0.0,12.052
465,Standard Class,Home Office,United States,Phoenix,Arizona,85023,West,Office Supplies,Supplies,185.376,2,0.2,-34.758
8147,Standard Class,Consumer,United States,Salem,Virginia,24153,South,Office Supplies,Paper,49.12,4,0.0,23.0864
4494,Second Class,Consumer,United States,Columbus,Ohio,43229,East,Furniture,Chairs,909.72,6,0.3,-51.984
716,First Class,Consumer,United States,Dover,Delaware,19901,East,Furniture,Furnishings,9.94,2,0.0,3.0814
516,Standard Class,Home Office,United States,Great Falls,Montana,59405,West,Office Supplies,Storage,51.45,3,0.0,13.8915
3052,Standard Class,Home Office,United States,Meridian,Idaho,83642,West,Office Supplies,Paper,37.94,2,0.0,18.2112
5785,Standard Class,Consumer,United States,Springfield,Oregon,97477,West,Office Supplies,Supplies,39.072,6,0.2,4.3956
8761,Standard Class,Home Office,United States,Atlanta,Georgia,30318,South,Office Supplies,Envelopes,125.36,8,0.0,58.9192
2788,Standard Class,Corporate,United States,Corpus Christi,Texas,78415,Central,Office Supplies,Art,16.464,7,0.2,1.4406
6113,Standard Class,Consumer,United States,Parma,Ohio,44134,East,Furniture,Chairs,1537.074,9,0.3,0.0
8738,First Class,Consumer,United States,Philadelphia,Pennsylvania,19140,East,Office Supplies,Art,13.248,4,0.2,3.6432
5359,Standard Class,Consumer,United States,San Francisco,California,94122,West,Office Supplies,Art,45.98,2,0.0,12.8744
8724,Second Class,Home Office,United States,Miami,Florida,33178,South,Office Supplies,Paper,25.344,6,0.2,8.8704
7673,Second Class,Home Office,United States,Everett,Massachusetts,2149,East,Office Supplies,Paper,154.9,5,0.0,69.705
1687,First Class,Consumer,United States,Philadelphia,Pennsylvania,19140,East,Office Supplies,Paper,10.368,2,0.2,3.6288
4788,Standard Class,Consumer,United States,Colorado Springs,Colorado,80906,West,Furniture,Furnishings,52.416,9,0.2,15.0696
9699,Standard Class,Consumer,United States,Inglewood,California,90301,West,Office Supplies,Appliances,54.32,4,0.0,16.296
7346,Standard Class,Corporate,United States,Jacksonville,Florida,32216,South,Office Supplies,Art,13.584,1,0.2,1.3584
3477,Standard Class,Consumer,United States,Santa Fe,New Mexico,87505,West,Technology,Accessories,92.52,9,0.0,18.504
7116,Second Class,Consumer,United States,Seattle,Washington,98103,West,Office Supplies,Paper,61.96,2,0.0,27.882
2633,Standard Class,Consumer,United States,Seattle,Washington,98103,West,Furniture,Chairs,220.96,1,0.2,24.858
4036,Standard Class,Consumer,United States,Chicago,Illinois,60623,Central,Office Supplies,Storage,24.816,2,0.2,1.551
1521,Standard Class,Consumer,United States,Tucson,Arizona,85705,West,Furniture,Furnishings,206.112,6,0.2,48.9516
7885,Second Class,Consumer,United States,Thornton,Colorado,80229,West,Furniture,Furnishings,23.376,3,0.2,7.0128
5289,Standard Class,Consumer,United States,Houston,Texas,77036,Central,Office Supplies,Paper,17.904,2,0.2,6.2664
3611,Second Class,Corporate,United States,Dallas,Texas,75217,Central,Technology,Accessories,58.416,2,0.2,16.7946
4798,Standard Class,Corporate,United States,Jacksonville,Florida,32216,South,Furniture,Furnishings,30.192,3,0.2,8.3028
9481,Standard Class,Consumer,United States,Dallas,Texas,75220,Central,Office Supplies,Storage,18.16,2,0.2,1.816
9936,Standard Class,Consumer,United States,Cranston,Rhode Island,2920,East,Office Supplies,Binders,102.93,3,0.0,48.3771
9328,First Class,Consumer,United States,Edmonds,Washington,98026,West,Office Supplies,Art,25.98,1,0.0,7.2744
9591,Standard Class,Home Office,United States,Pasadena,Texas,77506,Central,Furniture,Furnishings,24.7,5,0.6,-9.88
5500,Second Class,Consumer,United States,New York City,New York,10024,East,Furniture,Chairs,664.146,6,0.1,88.5528
6840,First Class,Home Office,United States,Troy,Ohio,45373,East,Office Supplies,Binders,14.832,3,0.7,-10.3824
9708,Standard Class,Consumer,United States,Los Angeles,California,90045,West,Furniture,Furnishings,19.96,2,0.0,5.5888
8138,Standard Class,Home Office,United States,Philadelphia,Pennsylvania,19140,East,Office Supplies,Art,11.264,8,0.2,1.2672
1089,Standard Class,Corporate,United States,Monroe,North Carolina,28110,South,Furniture,Furnishings,31.984,2,0.2,1.999
4936,Standard Class,Home Office,United States,Tuscaloosa,Alabama,35401,South,Office Supplies,Binders,33.74,7,0.0,15.5204
2944,Standard Class,Consumer,United States,Los Angeles,California,90049,West,Furniture,Furnishings,18.7,1,0.0,7.106
9268,Same Day,Consumer,United States,Freeport,New York,11520,East,Office Supplies,Paper,20.04,3,0.0,9.6192
2402,Second Class,Consumer,United States,Springfield,Missouri,65807,Central,Office Supplies,Envelopes,28.4,5,0.0,13.348
960,Standard Class,Corporate,United States,San Francisco,California,94110,West,Furniture,Chairs,321.568,2,0.2,28.1372
6858,Standard Class,Consumer,United States,Los Angeles,California,90008,West,Office Supplies,Labels,7.38,2,0.0,3.4686
9684,Standard Class,Consumer,United States,San Francisco,California,94122,West,Office Supplies,Paper,12.96,2,0.0,6.3504
1569,Standard Class,Corporate,United States,Atlanta,Georgia,30318,South,Office Supplies,Art,12.84,3,0.0,3.7236
2989,Second Class,Corporate,United States,Los Angeles,California,90032,West,Office Supplies,Binders,18.56,4,0.2,6.496
3166,Standard Class,Consumer,United States,San Francisco,California,94109,West,Office Supplies,Paper,19.35,3,0.0,9.4815
5593,Standard Class,Consumer,United States,Cleveland,Ohio,44105,East,Office Supplies,Binders,59.913,7,0.7,-45.9333
3756,First Class,Corporate,United States,Odessa,Texas,79762,Central,Furniture,Chairs,563.43,5,0.3,-56.343
7944,Standard Class,Consumer,United States,Dallas,Texas,75081,Central,Office Supplies,Art,31.744,2,0.2,2.3808
7225,Standard Class,Consumer,United States,San Francisco,California,94122,West,Furniture,Furnishings,30.8,4,0.0,10.164
9898,Standard Class,Consumer,United States,Fairfield,Ohio,45014,East,Furniture,Furnishings,82.64,2,0.2,0.0
8961,Standard Class,Consumer,United States,Houston,Texas,77070,Central,Office Supplies,Art,18.688,4,0.2,3.7376
8849,First Class,Corporate,United States,Raleigh,North Carolina,27604,South,Furniture,Furnishings,159.84,10,0.2,45.954
7454,Standard Class,Consumer,United States,Chicago,Illinois,60623,Central,Office Supplies,Labels,9.248,4,0.2,3.1212
1516,Second Class,Consumer,United States,North Las Vegas,Nevada,89031,West,Furniture,Tables,1669.6,4,0.0,116.872
5083,Standard Class,Consumer,United States,Monroe,North Carolina,28110,South,Office Supplies,Paper,64.704,3,0.2,23.4552
7054,Same Day,Consumer,United States,Anaheim,California,92804,West,Furniture,Chairs,363.92,5,0.2,-31.843
4056,Standard Class,Corporate,United States,Philadelphia,Pennsylvania,19134,East,Furniture,Tables,67.176,1,0.4,-20.1528
9037,First Class,Consumer,United States,New York City,New York,10035,East,Office Supplies,Storage,22.58,2,0.0,5.8708
3745,Second Class,Consumer,United States,Columbus,Georgia,31907,South,Office Supplies,Storage,118.25,5,0.0,34.2925
2309,First Class,Home Office,United States,Peoria,Arizona,85345,West,Office Supplies,Storage,68.448,4,0.2,7.7004
3829,Standard Class,Corporate,United States,Detroit,Michigan,48234,Central,Furniture,Chairs,476.8,2,0.0,119.2
3509,Standard Class,Consumer,United States,Plano,Texas,75023,Central,Office Supplies,Paper,11.648,2,0.2,4.0768
5054,Second Class,Consumer,United States,Dallas,Texas,75217,Central,Office Supplies,Art,7.056,3,0.2,0.7938
5613,Standard Class,Consumer,United States,New York City,New York,10011,East,Office Supplies,Storage,117.96,2,0.0,5.898
5363,Standard Class,Consumer,United States,Wichita,Kansas,67212,Central,Office Supplies,Appliances,81.96,2,0.0,22.9488
9517,Second Class,Consumer,United States,Bowling Green,Ohio,43402,East,Office Supplies,Labels,6.912,3,0.2,2.5056
7269,Standard Class,Consumer,United States,Concord,North Carolina,28027,South,Furniture,Furnishings,315.776,8,0.2,31.5776
2952,Same Day,Home Office,United States,Glendale,Arizona,85301,West,Furniture,Furnishings,113.568,2,0.2,-5.6784
5777,Standard Class,Consumer,United States,San Francisco,California,94109,West,Office Supplies,Paper,104.85,1,0.0,50.328
6158,Second Class,Consumer,United States,Tulsa,Oklahoma,74133,Central,Technology,Accessories,167.28,12,0.0,23.4192
3309,Standard Class,Corporate,United States,New York City,New York,10009,East,Office Supplies,Binders,25.344,6,0.2,8.8704
1112,Standard Class,Consumer,United States,Houston,Texas,77041,Central,Office Supplies,Binders,1.192,2,0.8,-2.0264
5572,Standard Class,Corporate,United States,Columbus,Ohio,43229,East,Office Supplies,Binders,29.94,4,0.7,-23.952
4846,Second Class,Corporate,United States,Salem,Oregon,97301,West,Technology,Phones,263.96,5,0.2,19.797
9620,Standard Class,Home Office,United States,Lancaster,Ohio,43130,East,Office Supplies,Appliances,16.704,6,0.2,1.2528
2332,Standard Class,Consumer,United States,Lafayette,Indiana,47905,Central,Office Supplies,Paper,277.4,5,0.0,133.152
9842,Standard Class,Consumer,United States,Long Beach,California,90805,West,Furniture,Chairs,483.136,4,0.2,60.392
2731,Standard Class,Consumer,United States,Seattle,Washington,98105,West,Furniture,Furnishings,107.53,1,0.0,21.506
3230,Second Class,Consumer,United States,New York City,New York,10009,East,Furniture,Furnishings,114.9,5,0.0,39.066
9638,Second Class,Consumer,United States,Los Angeles,California,90032,West,Office Supplies,Paper,11.56,2,0.0,5.6644
2000,Standard Class,Consumer,United States,Pasadena,California,91104,West,Technology,Accessories,199.95,5,0.0,21.9945
9754,Second Class,Consumer,United States,Richmond,Virginia,23223,South,Office Supplies,Binders,17.76,2,0.0,8.88
8157,Standard Class,Consumer,United States,San Diego,California,92105,West,Technology,Accessories,595.0,5,0.0,95.2
7018,Second Class,Consumer,United States,New York City,New York,10035,East,Office Supplies,Labels,25.83,7,0.0,12.1401
1509,First Class,Consumer,United States,Los Angeles,California,90036,West,Furniture,Furnishings,8.36,2,0.0,3.0096
8289,Standard Class,Home Office,United States,Miami,Florida,33180,South,Office Supplies,Appliances,211.248,6,0.2,15.8436
2505,Second Class,Consumer,United States,San Francisco,California,94122,West,Office Supplies,Supplies,8187.65,5,0.0,327.506
5550,Standard Class,Corporate,United States,Houston,Texas,77036,Central,Office Supplies,Art,2.672,1,0.2,0.334
38,Standard Class,Home Office,United States,Houston,Texas,77041,Central,Furniture,Bookcases,532.3992,3,0.32,-46.9764
5489,Second Class,Corporate,United States,Jacksonville,Florida,32216,South,Office Supplies,Appliances,20.808,3,0.2,1.8207
7470,Standard Class,Corporate,United States,Philadelphia,Pennsylvania,19143,East,Office Supplies,Binders,3.576,4,0.7,-2.8608
6874,Second Class,Consumer,United States,Beaumont,Texas,77705,Central,Technology,Accessories,119.976,3,0.2,-17.9964
8838,Second Class,Corporate,United States,Los Angeles,California,90004,West,Office Supplies,Art,70.95,3,0.0,18.447
5454,Standard Class,Corporate,United States,Philadelphia,Pennsylvania,19143,East,Office Supplies,Storage,8.384,1,0.2,0.7336
22,Standard Class,Corporate,United States,Fremont,Nebraska,68025,Central,Office Supplies,Appliances,60.34,7,0.0,15.6884
6508,Standard Class,Corporate,United States,New York City,New York,10009,East,Office Supplies,Paper,279.9,5,0.0,137.151
9940,Standard Class,Corporate,United States,New York City,New York,10009,East,Office Supplies,Art,11.2,7,0.0,4.816
2367,First Class,Consumer,United States,Clinton,Maryland,20735,East,Office Supplies,Paper,23.12,4,0.0,11.3288
4008,Standard Class,Corporate,United States,Louisville,Colorado,80027,West,Office Supplies,Art,6.848,2,0.2,0.5992
7048,First Class,Consumer,United States,Nashville,Tennessee,37211,South,Office Supplies,Paper,15.552,3,0.2,5.4432
3292,Standard Class,Consumer,United States,San Diego,California,92024,West,Office Supplies,Supplies,11.91,3,0.0,0.1191
2695,First Class,Consumer,United States,Lancaster,Ohio,43130,East,Office Supplies,Paper,30.352,2,0.2,10.6232
4508,Standard Class,Home Office,United States,Los Angeles,California,90045,West,Furniture,Furnishings,23.99,1,0.0,5.5177
3566,Standard Class,Home Office,United States,Independence,Missouri,64055,Central,Office Supplies,Binders,1577.94,3,0.0,757.4112
6199,Standard Class,Consumer,United States,Columbus,Indiana,47201,Central,Office Supplies,Paper,96.08,2,0.0,46.1184
6550,Second Class,Consumer,United States,New York City,New York,10035,East,Furniture,Chairs,327.564,4,0.1,21.8376
8863,Standard Class,Home Office,United States,Paterson,New Jersey,7501,East,Office Supplies,Appliances,111.04,4,0.0,29.9808
2651,Second Class,Corporate,United States,Provo,Utah,84604,West,Office Supplies,Binders,10.776,3,0.2,3.5022
260,Second Class,Consumer,United States,New York City,New York,10009,East,Office Supplies,Binders,17.52,5,0.2,6.132
2966,Standard Class,Consumer,United States,Skokie,Illinois,60076,Central,Furniture,Furnishings,32.952,6,0.6,-19.7712
4582,First Class,Consumer,United States,Philadelphia,Pennsylvania,19140,East,Office Supplies,Labels,23.616,8,0.2,7.9704
815,First Class,Corporate,United States,Milwaukee,Wisconsin,53209,Central,Office Supplies,Paper,51.84,8,0.0,24.8832
5314,Standard Class,Corporate,United States,San Francisco,California,94110,West,Office Supplies,Envelopes,30.56,4,0.0,14.9744
5177,Standard Class,Corporate,United States,New York City,New York,10024,East,Office Supplies,Binders,4.992,3,0.2,1.6848
1035,First Class,Consumer,United States,Cincinnati,Ohio,45231,East,Office Supplies,Binders,14.427,3,0.7,-10.5798
4752,Standard Class,Consumer,United States,Jackson,Tennessee,38301,South,Furniture,Chairs,209.568,2,0.2,-23.5764
2838,First Class,Consumer,United States,Tallahassee,Florida,32303,South,Technology,Machines,695.7,2,0.5,-27.828
7897,Standard Class,Consumer,United States,Memphis,Tennessee,38109,South,Office Supplies,Appliances,272.048,7,0.2,30.6054
1021,Standard Class,Consumer,United States,Washington,District of Columbia,20016,East,Furniture,Chairs,1267.53,3,0.0,316.8825
7760,Standard Class,Consumer,United States,Memphis,Tennessee,38109,South,Office Supplies,Paper,42.208,2,0.2,13.7176
7024,Standard Class,Consumer,United States,Denver,Colorado,80219,West,Office Supplies,Paper,223.056,9,0.2,69.705
1128,Standard Class,Home Office,United States,Richmond,Indiana,47374,Central,Office Supplies,Envelopes,101.88,6,0.0,50.94
2500,First Class,Corporate,United States,Skokie,Illinois,60076,Central,Office Supplies,Paper,12.224,2,0.2,4.4312
5028,Second Class,Consumer,United States,Chicago,Illinois,60653,Central,Technology,Accessories,239.976,3,0.2,53.9946
5380,Standard Class,Consumer,United States,Los Angeles,California,90045,West,Technology,Machines,105.552,6,0.2,35.6238
7176,Standard Class,Corporate,United States,Houston,Texas,77070,Central,Office Supplies,Storage,32.232,3,0.2,2.4174
4456,Standard Class,Home Office,United States,San Francisco,California,94110,West,Office Supplies,Binders,6.368,2,0.2,2.1492
862,Second Class,Corporate,United States,Jacksonville,Florida,32216,South,Technology,Accessories,191.472,6,0.2,40.6878
8186,Second Class,Consumer,United States,Chicago,Illinois,60623,Central,Furniture,Chairs,170.072,4,0.3,-12.148
1663,Second Class,Consumer,United States,Dallas,Texas,75217,Central,Office Supplies,Storage,41.92,5,0.2,3.668
1055,Standard Class,Home Office,United States,New York City,New York,10009,East,Office Supplies,Binders,82.344,3,0.2,27.7911
825,Standard Class,Consumer,United States,San Francisco,California,94110,West,Technology,Accessories,167.97,3,0.0,40.3128
8785,Standard Class,Corporate,United States,Phoenix,Arizona,85023,West,Technology,Phones,195.96,5,0.2,19.596
6893,Standard Class,Corporate,United States,Columbus,Georgia,31907,South,Furniture,Furnishings,20.32,4,0.0,6.9088
3023,Standard Class,Consumer,United States,Brownsville,Texas,78521,Central,Furniture,Bookcases,327.7328,2,0.32,-14.4588
1705,Standard Class,Consumer,United States,Philadelphia,Pennsylvania,19120,East,Office Supplies,Binders,11.61,2,0.7,-9.288
1550,Second Class,Home Office,United States,Houston,Texas,77095,Central,Office Supplies,Appliances,9.324,6,0.8,-24.7086
3049,First Class,Home Office,United States,Columbus,Georgia,31907,South,Technology,Accessories,360.0,4,0.0,129.6
6855,Second Class,Corporate,United States,Little Rock,Arkansas,72209,South,Office Supplies,Paper,44.96,2,0.0,20.6816
3064,Second Class,Home Office,United States,Albuquerque,New Mexico,87105,West,Office Supplies,Storage,90.8,8,0.0,25.424
5361,First Class,Corporate,United States,Dallas,Texas,75217,Central,Office Supplies,Storage,720.76,5,0.2,54.057
6382,Standard Class,Consumer,United States,Springfield,Ohio,45503,East,Technology,Phones,158.376,4,0.4,-36.9544
3836,Standard Class,Corporate,United States,Glendale,Arizona,85301,West,Office Supplies,Paper,19.008,3,0.2,6.8904
1283,First Class,Consumer,United States,Jacksonville,Florida,32216,South,Office Supplies,Paper,251.64,3,0.2,88.074
3,Standard Class,Consumer,United States,Fort Lauderdale,Florida,33311,South,Furniture,Tables,957.5775,5,0.45,-383.031
1722,Standard Class,Consumer,United States,Chicago,Illinois,60623,Central,Technology,Accessories,255.968,4,0.2,51.1936
1927,First Class,Consumer,United States,Denver,Colorado,80219,West,Office Supplies,Paper,88.768,2,0.2,31.0688
6740,Standard Class,Consumer,United States,Chicago,Illinois,60623,Central,Furniture,Chairs,359.772,2,0.3,-5.1396
6293,Standard Class,Consumer,United States,Los Angeles,California,90008,West,Office Supplies,Art,64.14,3,0.0,16.6764
1467,Same Day,Home Office,United States,Jacksonville,Florida,32216,South,Technology,Accessories,255.968,4,0.2,31.996
4828,Standard Class,Corporate,United States,Richmond,Kentucky,40475,South,Office Supplies,Art,5.64,3,0.0,1.6356
6266,Standard Class,Consumer,United States,Nashville,Tennessee,37211,South,Office Supplies,Paper,143.856,9,0.2,48.5514
1883,Standard Class,Home Office,United States,Philadelphia,Pennsylvania,19143,East,Office Supplies,Paper,217.056,7,0.2,78.6828
6416,Standard Class,Consumer,United States,Philadelphia,Pennsylvania,19120,East,Technology,Phones,108.576,4,0.4,-25.3344
7167,Second Class,Consumer,United States,San Francisco,California,94122,West,Furniture,Chairs,717.72,3,0.2,71.772
9835,First Class,Consumer,United States,La Porte,Texas,77571,Central,Office Supplies,Binders,16.392,2,0.8,-26.2272
373,Standard Class,Consumer,United States,Tucson,Arizona,85705,West,Technology,Accessories,1023.936,8,0.2,179.1888
3146,Second Class,Corporate,United States,Seattle,Washington,98105,West,Technology,Phones,88.776,3,0.2,7.7679
7545,Standard Class,Corporate,United States,Huntsville,Texas,77340,Central,Technology,Phones,719.952,6,0.2,71.9952
9803,Second Class,Consumer,United States,New York City,New York,10024,East,Technology,Phones,135.99,1,0.0,36.7173
8271,Standard Class,Consumer,United States,New York City,New York,10009,East,Furniture,Chairs,2563.056,8,0.1,313.2624
3845,First Class,Corporate,United States,Los Angeles,California,90049,West,Furniture,Bookcases,616.998,6,0.15,-36.294
4404,Standard Class,Consumer,United States,Philadelphia,Pennsylvania,19140,East,Technology,Accessories,34.8,3,0.2,2.175
541,First Class,Corporate,United States,Tucson,Arizona,85705,West,Technology,Phones,380.864,8,0.2,38.0864
6903,Standard Class,Corporate,United States,Chicago,Illinois,60653,Central,Office Supplies,Appliances,5.588,2,0.8,-15.0876
7940,First Class,Corporate,United States,San Diego,California,92037,West,Furniture,Chairs,81.424,2,0.2,-9.1602
7460,Second Class,Consumer,United States,Los Angeles,California,90004,West,Technology,Copiers,639.968,4,0.2,215.9892
7965,Second Class,Corporate,United States,Miramar,Florida,33023,South,Office Supplies,Paper,41.472,8,0.2,14.5152
4396,Standard Class,Corporate,United States,San Diego,California,92024,West,Technology,Phones,361.376,2,0.2,27.1032
3720,Standard Class,Home Office,United States,Jackson,Mississippi,39212,South,Furniture,Furnishings,18.92,4,0.0,7.3788
11,Standard Class,Consumer,United States,Los Angeles,California,90032,West,Technology,Phones,911.424,4,0.2,68.3568
3419,Standard Class,Home Office,United States,New York City,New York,10024,East,Furniture,Chairs,271.764,2,0.1,60.392
8137,Standard Class,Home Office,United States,New York City,New York,10035,East,Furniture,Furnishings,56.52,9,0.0,21.4776
1243,Standard Class,Consumer,United States,New York City,New York,10009,East,Office Supplies,Fasteners,8.72,4,0.0,3.5752
8190,Standard Class,Consumer,United States,New York City,New York,10011,East,Office Supplies,Paper,38.88,6,0.0,18.6624
9102,Standard Class,Consumer,United States,Houston,Texas,77041,Central,Office Supplies,Storage,84.784,2,0.2,-16.9568
7504,Second Class,Corporate,United States,Atlantic City,New Jersey,8401,East,Office Supplies,Envelopes,23.36,2,0.0,11.68
1265,Standard Class,Consumer,United States,San Francisco,California,94122,West,Office Supplies,Art,6.57,3,0.0,1.7739
4963,First Class,Consumer,United States,Seattle,Washington,98103,West,Office Supplies,Storage,242.94,3,0.0,4.8588
3559,Standard Class,Consumer,United States,San Francisco,California,94122,West,Technology,Accessories,439.8,4,0.0,145.134
9767,Standard Class,Consumer,United States,Grand Rapids,Michigan,49505,Central,Office Supplies,Binders,54.9,5,0.0,26.901
7246,Standard Class,Corporate,United States,Columbus,Ohio,43229,East,Office Supplies,Labels,15.12,3,0.2,4.914
2690,Standard Class,Consumer,United States,Philadelphia,Pennsylvania,19134,East,Office Supplies,Binders,5.346,3,0.7,-4.455
2847,Standard Class,Corporate,United States,Roswell,Georgia,30076,South,Furniture,Furnishings,56.28,6,0.0,15.7584
5701,First Class,Home Office,United States,Cleveland,Ohio,44105,East,Technology,Accessories,139.96,5,0.2,-22.7435
7457,First Class,Consumer,United States,Waynesboro,Virginia,22980,South,Office Supplies,Binders,9.14,1,0.0,4.57
3210,Standard Class,Corporate,United States,Pearland,Texas,77581,Central,Office Supplies,Envelopes,13.392,3,0.2,5.022
6207,Second Class,Consumer,United States,Houston,Texas,77095,Central,Furniture,Chairs,56.686,1,0.3,-14.5764
1734,Second Class,Consumer,United States,Jacksonville,North Carolina,28540,South,Office Supplies,Appliances,34.848,2,0.2,6.534
4702,Standard Class,Home Office,United States,Austin,Texas,78745,Central,Furniture,Furnishings,7.996,1,0.6,-6.9965
9490,Standard Class,Consumer,United States,San Francisco,California,94110,West,Office Supplies,Binders,2022.272,8,0.2,682.5168
775,Standard Class,Corporate,United States,Des Moines,Iowa,50315,Central,Furniture,Furnishings,34.58,7,0.0,14.5236
9549,Second Class,Corporate,United States,Philadelphia,Pennsylvania,19134,East,Office Supplies,Appliances,453.6,3,0.2,90.72
5116,Standard Class,Consumer,United States,New York City,New York,10009,East,Office Supplies,Storage,35.48,1,0.0,0.0
2214,First Class,Consumer,United States,San Jose,California,95123,West,Office Supplies,Binders,61.776,13,0.2,20.8494
5170,Second Class,Corporate,United States,Detroit,Michigan,48205,Central,Furniture,Chairs,3504.9,5,0.0,700.98
9918,Standard Class,Consumer,United States,New York City,New York,10035,East,Office Supplies,Envelopes,39.98,1,0.0,17.991
1862,Same Day,Consumer,United States,San Antonio,Texas,78207,Central,Office Supplies,Storage,49.632,4,0.2,4.9632
4928,Standard Class,Home Office,United States,Fairfield,Connecticut,6824,East,Furniture,Chairs,897.15,3,0.0,251.202
9550,First Class,Home Office,United States,San Jose,California,95123,West,Office Supplies,Binders,13.848,3,0.2,5.193
8402,Second Class,Consumer,United States,New York City,New York,10009,East,Office Supplies,Paper,22.68,2,0.0,11.1132
7191,Second Class,Consumer,United States,Hialeah,Florida,33012,South,Office Supplies,Binders,5.388,4,0.7,-4.49
7291,First Class,Consumer,United States,San Francisco,California,94122,West,Office Supplies,Labels,26.01,9,0.0,12.2247
3042,Same Day,Home Office,United States,Long Beach,California,90805,West,Office Supplies,Envelopes,22.18,2,0.0,10.8682
743,Standard Class,Consumer,United States,Dallas,Texas,75220,Central,Office Supplies,Paper,3.528,1,0.2,1.1466
6156,First Class,Corporate,United States,Philadelphia,Pennsylvania,19120,East,Furniture,Furnishings,42.408,3,0.2,9.5418
5752,Standard Class,Consumer,United States,San Diego,California,92037,West,Office Supplies,Labels,20.65,5,0.0,9.499
2122,Second Class,Home Office,United States,Lansing,Michigan,48911,Central,Furniture,Bookcases,241.96,2,0.0,41.1332
5757,Standard Class,Consumer,United States,Raleigh,North Carolina,27604,South,Furniture,Furnishings,46.152,3,0.2,12.1149
3106,Standard Class,Home Office,United States,Aurora,Illinois,60505,Central,Office Supplies,Storage,298.464,6,0.2,26.1156
4268,Standard Class,Consumer,United States,Houston,Texas,77036,Central,Technology,Accessories,171.96,5,0.2,45.1395
1198,Standard Class,Consumer,United States,Houston,Texas,77041,Central,Furniture,Chairs,95.984,4,0.3,-4.1136
2821,Standard Class,Consumer,United States,Anaheim,California,92804,West,Technology,Phones,302.376,3,0.2,22.6782
5938,Standard Class,Consumer,United States,Plano,Texas,75023,Central,Technology,Phones,95.992,1,0.2,9.5992
2599,Standard Class,Consumer,United States,New York City,New York,10024,East,Office Supplies,Appliances,121.94,2,0.0,35.3626
6595,First Class,Corporate,United States,Columbus,Ohio,43229,East,Office Supplies,Binders,11.76,5,0.7,-7.84
9213,Standard Class,Corporate,United States,San Francisco,California,94110,West,Furniture,Furnishings,79.44,3,0.0,28.5984
8161,Second Class,Consumer,United States,New York City,New York,10035,East,Office Supplies,Appliances,293.52,6,0.0,76.3152
9524,First Class,Home Office,United States,Seattle,Washington,98115,West,Office Supplies,Binders,83.92,5,0.2,29.372
8415,Standard Class,Home Office,United States,Marion,Iowa,52302,Central,Office Supplies,Paper,106.32,3,0.0,49.9704
6616,First Class,Consumer,United States,Los Angeles,California,90045,West,Office Supplies,Labels,22.5,6,0.0,10.8
6838,Standard Class,Corporate,United States,Torrance,California,90503,West,Office Supplies,Appliances,1640.7,5,0.0,459.396
9941,Standard Class,Consumer,United States,San Francisco,California,94122,West,Technology,Accessories,223.58,14,0.0,87.1962
5541,Standard Class,Consumer,United States,Chicago,Illinois,60653,Central,Office Supplies,Supplies,22.344,3,0.2,2.5137
9879,Standard Class,Consumer,United States,New York City,New York,10035,East,Furniture,Chairs,573.174,7,0.1,63.686
5643,Second Class,Corporate,United States,Roswell,Georgia,30076,South,Office Supplies,Envelopes,17.94,3,0.0,8.7906
7357,Standard Class,Home Office,United States,Phoenix,Arizona,85023,West,Furniture,Furnishings,169.568,2,0.2,0.0
4993,Standard Class,Corporate,United States,Memphis,Tennessee,38109,South,Office Supplies,Labels,18.432,8,0.2,5.9904
8011,First Class,Consumer,United States,Aurora,Colorado,80013,West,Technology,Phones,125.944,7,0.2,15.743
1017,Standard Class,Corporate,United States,New York City,New York,10011,East,Furniture,Furnishings,155.82,3,0.0,63.8862
9809,Second Class,Consumer,United States,Portland,Oregon,97206,West,Office Supplies,Paper,25.92,5,0.2,9.072
8934,Same Day,Corporate,United States,Philadelphia,Pennsylvania,19120,East,Office Supplies,Paper,12.672,3,0.2,3.96
8886,Standard Class,Corporate,United States,Columbus,Ohio,43229,East,Office Supplies,Binders,20.856,8,0.7,-16.6848
4314,Standard Class,Consumer,United States,Los Angeles,California,90045,West,Office Supplies,Art,20.96,2,0.0,5.24
8805,Standard Class,Consumer,United States,Salt Lake City,Utah,84106,West,Office Supplies,Binders,102.72,3,0.2,37.236
3182,Second Class,Corporate,United States,Columbia,Maryland,21044,East,Technology,Accessories,826.62,3,0.0,355.4466
1038,First Class,Consumer,United States,Burlington,North Carolina,27217,South,Office Supplies,Art,23.968,7,0.2,2.6964
4954,Second Class,Corporate,United States,North Las Vegas,Nevada,89031,West,Office Supplies,Art,18.06,7,0.0,4.6956
6129,Standard Class,Home Office,United States,Virginia Beach,Virginia,23464,South,Technology,Accessories,53.25,3,0.0,20.7675
2295,Standard Class,Consumer,United States,New York City,New York,10011,East,Office Supplies,Paper,13.52,4,0.0,6.2192
405,Standard Class,Consumer,United States,San Francisco,California,94110,West,Technology,Accessories,179.95,5,0.0,37.7895
2882,Standard Class,Consumer,United States,Woodstock,Illinois,60098,Central,Office Supplies,Binders,8.85,5,0.8,-13.7175
4635,Standard Class,Corporate,United States,San Francisco,California,94122,West,Office Supplies,Storage,242.94,3,0.0,9.7176
9173,Same Day,Home Office,United States,Oxnard,California,93030,West,Office Supplies,Envelopes,22.92,3,0.0,11.2308
2106,Same Day,Corporate,United States,Mesquite,Texas,75150,Central,Office Supplies,Binders,0.876,1,0.8,-1.4016
2477,Second Class,Corporate,United States,Los Angeles,California,90036,West,Furniture,Tables,1322.352,3,0.2,-99.1764
1033,First Class,Consumer,United States,Cincinnati,Ohio,45231,East,Office Supplies,Paper,15.696,3,0.2,5.1012
2875,Second Class,Consumer,United States,San Diego,California,92037,West,Furniture,Chairs,153.568,2,0.2,-5.7588
2257,First Class,Consumer,United States,San Francisco,California,94122,West,Furniture,Chairs,1212.96,7,0.2,90.972
5520,Standard Class,Corporate,United States,Philadelphia,Pennsylvania,19134,East,Office Supplies,Paper,23.92,5,0.2,8.671
6140,Standard Class,Consumer,United States,Manchester,Connecticut,6040,East,Office Supplies,Paper,274.8,5,0.0,134.652
2818,Standard Class,Home Office,United States,Franklin,Massachusetts,2038,East,Office Supplies,Storage,1088.76,6,0.0,315.7404
8297,Standard Class,Corporate,United States,Charlotte,North Carolina,28205,South,Furniture,Furnishings,4.928,2,0.2,0.7392
9961,First Class,Home Office,United States,Houston,Texas,77041,Central,Office Supplies,Paper,65.584,2,0.2,23.7742
7790,Same Day,Home Office,United States,Philadelphia,Pennsylvania,19120,East,Office Supplies,Binders,4.842,3,0.7,-3.3894
4328,Standard Class,Consumer,United States,New York City,New York,10011,East,Office Supplies,Paper,42.93,9,0.0,19.3185
3335,First Class,Consumer,United States,Oakland,California,94601,West,Technology,Phones,431.968,4,0.2,37.7972
2554,Standard Class,Consumer,United States,Tallahassee,Florida,32303,South,Technology,Phones,705.544,7,0.2,70.5544
7055,Same Day,Consumer,United States,Anaheim,California,92804,West,Office Supplies,Binders,35.808,3,0.2,11.19
6712,Same Day,Consumer,United States,Skokie,Illinois,60076,Central,Furniture,Furnishings,266.352,6,0.6,-292.9872
4434,Second Class,Consumer,United States,Henderson,Kentucky,42420,South,Furniture,Tables,842.94,3,0.0,160.1586
4286,Second Class,Corporate,United States,Port Arthur,Texas,77642,Central,Technology,Copiers,439.992,1,0.2,164.997
1953,Standard Class,Corporate,United States,New York City,New York,10009,East,Furniture,Chairs,1282.41,5,0.1,213.735
4012,Standard Class,Home Office,United States,Superior,Wisconsin,54880,Central,Office Supplies,Art,17.12,4,0.0,4.9648
4584,Second Class,Home Office,United States,Danville,California,94526,West,Office Supplies,Envelopes,76.58,7,0.0,38.29
4655,Standard Class,Corporate,United States,Freeport,Illinois,61032,Central,Office Supplies,Storage,45.248,2,0.2,3.9592
4985,Same Day,Consumer,United States,New York City,New York,10009,East,Office Supplies,Labels,14.4,5,0.0,7.056
1534,Standard Class,Home Office,United States,Laguna Niguel,California,92677,West,Furniture,Bookcases,203.983,2,0.15,16.7986
2825,Standard Class,Home Office,United States,Houston,Texas,77041,Central,Furniture,Bookcases,300.5328,2,0.32,-97.2312
2463,Standard Class,Consumer,United States,New York City,New York,10009,East,Office Supplies,Binders,14.624,2,0.2,5.1184
7616,Standard Class,Consumer,United States,Watertown,New York,13601,East,Office Supplies,Paper,18.54,2,0.0,8.7138
8427,First Class,Consumer,United States,Roseville,Michigan,48066,Central,Office Supplies,Supplies,4.36,2,0.0,0.1744
2641,Standard Class,Consumer,United States,Hot Springs,Arkansas,71901,South,Technology,Accessories,29.99,1,0.0,2.999
4002,Standard Class,Consumer,United States,San Antonio,Texas,78207,Central,Furniture,Tables,637.896,3,0.3,-127.5792
6170,Second Class,Corporate,United States,New York City,New York,10035,East,Office Supplies,Binders,34.248,3,0.2,11.5587
1869,Second Class,Consumer,United States,Seattle,Washington,98103,West,Office Supplies,Paper,6.48,1,0.0,3.1104
3055,Standard Class,Corporate,United States,Chicago,Illinois,60623,Central,Technology,Copiers,2799.96,5,0.2,874.9875
8515,Standard Class,Corporate,United States,Florence,Kentucky,41042,South,Office Supplies,Art,35.76,12,0.0,10.0128
2877,Standard Class,Home Office,United States,Westfield,New Jersey,7090,East,Office Supplies,Envelopes,52.34,2,0.0,24.5998
8754,First Class,Consumer,United States,Toledo,Ohio,43615,East,Office Supplies,Binders,4.86,3,0.7,-3.564
3500,Standard Class,Consumer,United States,Mobile,Alabama,36608,South,Office Supplies,Binders,62.94,3,0.0,30.2112
1005,Standard Class,Consumer,United States,Jacksonville,North Carolina,28540,South,Office Supplies,Paper,115.296,3,0.2,40.3536
655,Standard Class,Consumer,United States,Columbus,Ohio,43229,East,Office Supplies,Binders,3.318,2,0.7,-2.6544
8448,First Class,Corporate,United States,Cranston,Rhode Island,2920,East,Furniture,Tables,637.896,3,0.3,-127.5792
9204,Standard Class,Corporate,United States,Los Angeles,California,90004,West,Office Supplies,Art,23.04,8,0.0,6.912
9536,Second Class,Consumer,United States,Chicago,Illinois,60610,Central,Furniture,Furnishings,8.856,3,0.6,-6.8634
9574,Same Day,Consumer,United States,Pomona,California,91767,West,Furniture,Furnishings,31.56,3,0.0,10.4148
4014,Standard Class,Consumer,United States,Atlanta,Georgia,30318,South,Office Supplies,Labels,8.64,3,0.0,4.2336
914,First Class,Corporate,United States,Milwaukee,Wisconsin,53209,Central,Technology,Accessories,143.73,9,0.0,56.0547
9864,Standard Class,Home Office,United States,Richmond,Indiana,47374,Central,Technology,Accessories,159.8,4,0.0,70.312
9001,Standard Class,Corporate,United States,Sandy Springs,Georgia,30328,South,Technology,Accessories,5.95,1,0.0,0.833
6863,Standard Class,Corporate,United States,San Antonio,Texas,78207,Central,Office Supplies,Paper,10.368,2,0.2,3.6288
4832,Standard Class,Consumer,United States,Wausau,Wisconsin,54401,Central,Office Supplies,Storage,22.58,2,0.0,5.8708
3812,Same Day,Consumer,United States,Milwaukee,Wisconsin,53209,Central,Office Supplies,Labels,25.06,2,0.0,11.7782
6895,Standard Class,Corporate,United States,Columbus,Georgia,31907,South,Office Supplies,Supplies,34.48,2,0.0,9.9992
5743,First Class,Corporate,United States,Fairfield,California,94533,West,Office Supplies,Paper,20.04,3,0.0,9.6192
8873,Same Day,Consumer,United States,Columbus,Ohio,43229,East,Office Supplies,Binders,18.264,2,0.7,-13.3936
571,Standard Class,Consumer,United States,New York City,New York,10024,East,Office Supplies,Fasteners,13.96,4,0.0,6.4216
135,Standard Class,Consumer,United States,Roseville,California,95661,West,Office Supplies,Art,11.52,4,0.0,3.456
3358,Standard Class,Consumer,United States,Chicago,Illinois,60610,Central,Office Supplies,Binders,3.208,2,0.8,-5.2932
3907,Standard Class,Home Office,United States,Philadelphia,Pennsylvania,19143,East,Technology,Phones,14.85,5,0.4,-3.2175
786,Second Class,Consumer,United States,Lancaster,California,93534,West,Office Supplies,Binders,17.456,2,0.2,5.8914
6703,Standard Class,Consumer,United States,Long Beach,California,90805,West,Technology,Phones,217.584,2,0.2,19.0386
952,Standard Class,Consumer,United States,Philadelphia,Pennsylvania,19143,East,Furniture,Furnishings,25.472,4,0.2,7.6416
3580,Standard Class,Consumer,United States,Jackson,Mississippi,39212,South,Furniture,Tables,2430.08,8,0.0,388.8128
7877,Standard Class,Consumer,United States,Charlotte,North Carolina,28205,South,Office Supplies,Labels,5.04,2,0.2,1.764
5009,Standard Class,Corporate,United States,Philadelphia,Pennsylvania,19134,East,Technology,Phones,791.964,6,0.4,-131.994
377,Standard Class,Corporate,United States,Franklin,Massachusetts,2038,East,Furniture,Tables,1488.424,7,0.3,-297.6848
1300,Second Class,Consumer,United States,Springfield,Virginia,22153,South,Furniture,Furnishings,572.76,6,0.0,166.1004
6867,Standard Class,Corporate,United States,Los Angeles,California,90004,West,Technology,Phones,31.984,2,0.2,-7.996
4664,Standard Class,Consumer,United States,Pembroke Pines,Florida,33024,South,Office Supplies,Binders,7.506,9,0.7,-6.0048
3556,Standard Class,Consumer,United States,Los Angeles,California,90008,West,Office Supplies,Paper,45.36,7,0.0,21.7728
3776,Second Class,Consumer,United States,Miami,Florida,33180,South,Technology,Accessories,335.944,7,0.2,41.993
8076,Standard Class,Corporate,United States,East Point,Georgia,30344,South,Furniture,Furnishings,27.42,3,0.0,9.3228
4323,Standard Class,Consumer,United States,Akron,Ohio,44312,East,Office Supplies,Binders,2.286,2,0.7,-1.6764
1733,Standard Class,Consumer,United States,Dallas,Texas,75081,Central,Office Supplies,Art,154.24,4,0.2,17.352
1915,Standard Class,Home Office,United States,Boynton Beach,Florida,33437,South,Office Supplies,Art,15.528,3,0.2,4.8525
5138,Standard Class,Consumer,United States,Mount Vernon,New York,10550,East,Office Supplies,Envelopes,23.34,3,0.0,10.9698
7406,Standard Class,Corporate,United States,Camarillo,California,93010,West,Furniture,Chairs,722.352,3,0.2,81.2646
2132,Standard Class,Consumer,United States,New York City,New York,10011,East,Office Supplies,Paper,19.65,3,0.0,9.039
5724,Standard Class,Corporate,United States,Chicago,Illinois,60653,Central,Office Supplies,Storage,331.536,3,0.2,-82.884
7632,Second Class,Consumer,United States,Louisville,Kentucky,40214,South,Furniture,Chairs,1207.84,8,0.0,314.0384
4898,First Class,Consumer,United States,Parma,Ohio,44134,East,Office Supplies,Paper,7.968,2,0.2,2.8884
5216,Standard Class,Consumer,United States,Roseville,Michigan,48066,Central,Office Supplies,Envelopes,17.48,2,0.0,8.2156
8376,Standard Class,Corporate,United States,Pompano Beach,Florida,33068,South,Office Supplies,Appliances,64.384,1,0.2,8.048
4847,Second Class,Corporate,United States,Salem,Oregon,97301,West,Office Supplies,Art,71.632,11,0.2,17.908
1564,Same Day,Consumer,United States,Columbia,South Carolina,29203,South,Office Supplies,Storage,354.9,5,0.0,17.745
72,Standard Class,Consumer,United States,Memphis,Tennessee,38109,South,Furniture,Chairs,831.936,8,0.2,-114.3912
6412,Standard Class,Home Office,United States,Louisville,Kentucky,40214,South,Office Supplies,Binders,102.93,3,0.0,48.3771
86,Standard Class,Consumer,United States,Rochester,Minnesota,55901,Central,Technology,Accessories,19.99,1,0.0,6.7966
4183,Standard Class,Home Office,United States,New York City,New York,10035,East,Office Supplies,Storage,344.91,3,0.0,10.3473
4952,Second Class,Corporate,United States,San Francisco,California,94109,West,Office Supplies,Appliances,69.48,1,0.0,20.844
8479,Standard Class,Consumer,United States,Los Angeles,California,90036,West,Office Supplies,Paper,19.98,2,0.0,8.991
6197,Standard Class,Consumer,United States,Columbus,Indiana,47201,Central,Office Supplies,Paper,63.77,7,0.0,28.6965
2141,Standard Class,Corporate,United States,Long Beach,New York,11561,East,Furniture,Tables,991.764,3,0.4,-347.1174
7514,Second Class,Consumer,United States,Richmond,Kentucky,40475,South,Office Supplies,Binders,29.36,2,0.0,13.5056
4096,Standard Class,Consumer,United States,Minneapolis,Minnesota,55407,Central,Office Supplies,Paper,32.4,5,0.0,15.552
7729,Standard Class,Home Office,United States,Tallahassee,Florida,32303,South,Technology,Accessories,431.976,3,0.2,-75.5958
1762,Standard Class,Consumer,United States,San Diego,California,92105,West,Furniture,Bookcases,293.199,3,0.15,-20.6964
5003,Standard Class,Consumer,United States,Los Angeles,California,90032,West,Office Supplies,Paper,10.56,2,0.0,5.0688
3027,Same Day,Corporate,United States,Billings,Montana,59102,West,Office Supplies,Binders,8.288,2,0.2,2.6936
3036,Standard Class,Consumer,United States,Monroe,Louisiana,71203,South,Office Supplies,Art,56.3,2,0.0,15.764
9593,Standard Class,Consumer,United States,New York City,New York,10024,East,Office Supplies,Paper,8.56,2,0.0,3.852
7947,Standard Class,Consumer,United States,El Paso,Texas,79907,Central,Office Supplies,Fasteners,18.84,5,0.2,-3.5325
6781,Second Class,Consumer,United States,Baltimore,Maryland,21215,East,Office Supplies,Labels,58.48,8,0.0,27.4856
9545,Standard Class,Corporate,United States,Columbus,Indiana,47201,Central,Technology,Accessories,1.98,2,0.0,0.891
2187,Standard Class,Consumer,United States,Columbus,Indiana,47201,Central,Office Supplies,Envelopes,70.08,6,0.0,35.04
1050,First Class,Corporate,United States,Philadelphia,Pennsylvania,19134,East,Furniture,Furnishings,168.464,2,0.2,-29.4812
2113,Same Day,Consumer,United States,Redlands,California,92374,West,Technology,Phones,1295.84,4,0.2,145.782
8597,Standard Class,Home Office,United States,San Francisco,California,94122,West,Office Supplies,Binders,67.136,4,0.2,25.176
9310,Standard Class,Corporate,United States,New York City,New York,10024,East,Office Supplies,Binders,146.688,8,0.2,45.84
8773,Standard Class,Home Office,United States,New York City,New York,10024,East,Office Supplies,Appliances,26.88,6,0.0,6.72
6068,Standard Class,Home Office,United States,Lakewood,California,90712,West,Furniture,Furnishings,6.98,1,0.0,3.3504
6587,Standard Class,Consumer,United States,Salem,Virginia,24153,South,Furniture,Bookcases,302.94,3,0.0,69.6762
6788,Standard Class,Consumer,United States,Atlanta,Georgia,30318,South,Office Supplies,Paper,69.93,7,0.0,31.4685
9205,Same Day,Consumer,United States,Milford,Connecticut,6460,East,Office Supplies,Art,15.48,3,0.0,4.4892
6777,Standard Class,Home Office,United States,New York City,New York,10009,East,Technology,Accessories,449.91,9,0.0,157.4685
8293,Standard Class,Corporate,United States,Seattle,Washington,98103,West,Office Supplies,Binders,18.368,4,0.2,5.9696
5837,Standard Class,Consumer,United States,Los Angeles,California,90036,West,Technology,Phones,57.568,4,0.2,5.7568
9339,Second Class,Corporate,United States,San Francisco,California,94110,West,Office Supplies,Paper,146.73,3,0.0,68.9631
6589,Standard Class,Consumer,United States,Salem,Virginia,24153,South,Office Supplies,Supplies,231.72,2,0.0,11.586
8955,Standard Class,Corporate,United States,San Diego,California,92024,West,Office Supplies,Paper,8.56,2,0.0,3.852
4049,Second Class,Consumer,United States,New York City,New York,10011,East,Furniture,Furnishings,276.69,3,0.0,49.8042
2360,Standard Class,Corporate,United States,New York City,New York,10024,East,Office Supplies,Paper,34.86,7,0.0,16.3842
9042,Second Class,Corporate,United States,Los Angeles,California,90049,West,Office Supplies,Appliances,61.44,3,0.0,16.5888
3552,Second Class,Home Office,United States,Chicago,Illinois,60653,Central,Technology,Phones,812.736,8,0.2,60.9552
5292,First Class,Consumer,United States,Miami,Florida,33180,South,Office Supplies,Storage,4.464,1,0.2,0.3348
8760,Standard Class,Home Office,United States,Atlanta,Georgia,30318,South,Office Supplies,Binders,1270.99,1,0.0,635.495
4988,Standard Class,Home Office,United States,Colorado Springs,Colorado,80906,West,Office Supplies,Binders,3.108,2,0.7,-2.1756
8615,Standard Class,Consumer,United States,Edmonds,Washington,98026,West,Office Supplies,Binders,14.256,3,0.2,4.455
9356,Standard Class,Home Office,United States,Jackson,Michigan,49201,Central,Office Supplies,Paper,18.54,2,0.0,8.7138
5733,First Class,Corporate,United States,Milford,Connecticut,6460,East,Office Supplies,Supplies,30.69,3,0.0,7.9794
1080,Standard Class,Corporate,United States,Detroit,Michigan,48227,Central,Office Supplies,Paper,19.92,4,0.0,9.3624
9833,Standard Class,Corporate,United States,Springfield,Ohio,45503,East,Technology,Accessories,895.944,7,0.2,190.3881
2217,Standard Class,Corporate,United States,Jacksonville,Florida,32216,South,Office Supplies,Art,2.816,2,0.2,0.9856
2328,First Class,Home Office,United States,Fort Collins,Colorado,80525,West,Office Supplies,Envelopes,14.352,3,0.2,5.2026
2235,Second Class,Consumer,United States,Indianapolis,Indiana,46203,Central,Office Supplies,Storage,190.86,2,0.0,11.4516
1985,Second Class,Corporate,United States,Brentwood,California,94513,West,Office Supplies,Paper,26.76,4,0.0,12.3096
248,Second Class,Home Office,United States,Lakeville,Minnesota,55044,Central,Office Supplies,Paper,25.92,4,0.0,12.4416
7157,Second Class,Consumer,United States,Los Angeles,California,90032,West,Office Supplies,Storage,87.92,4,0.0,0.8792
2496,Standard Class,Home Office,United States,San Diego,California,92037,West,Office Supplies,Storage,64.17,3,0.0,18.6093
7993,Second Class,Consumer,United States,Aurora,Colorado,80013,West,Office Supplies,Binders,4.896,3,0.7,-3.4272
3813,Standard Class,Consumer,United States,Quincy,Illinois,62301,Central,Office Supplies,Labels,19.824,6,0.2,6.4428
2861,Standard Class,Consumer,United States,Atlanta,Georgia,30318,South,Office Supplies,Paper,286.93,7,0.0,140.5957
1127,Standard Class,Home Office,United States,Richmond,Indiana,47374,Central,Office Supplies,Art,10.16,1,0.0,2.6416
2798,Standard Class,Consumer,United States,Little Rock,Arkansas,72209,South,Office Supplies,Paper,39.96,2,0.0,18.7812
495,Standard Class,Consumer,United States,Fayetteville,Arkansas,72701,South,Office Supplies,Envelopes,105.42,2,0.0,51.6558
5800,First Class,Consumer,United States,El Paso,Texas,79907,Central,Technology,Phones,575.968,4,0.2,43.1976
7574,Standard Class,Corporate,United States,Los Angeles,California,90036,West,Office Supplies,Storage,221.96,2,0.0,4.4392
98,Standard Class,Corporate,United States,Saint Paul,Minnesota,55106,Central,Office Supplies,Appliances,77.88,6,0.0,22.5852
9392,Same Day,Corporate,United States,Denver,Colorado,80219,West,Furniture,Chairs,582.336,8,0.2,-29.1168
4196,Second Class,Consumer,United States,New York City,New York,10024,East,Office Supplies,Labels,21.93,3,0.0,10.3071
9976,Standard Class,Home Office,United States,Los Angeles,California,90032,West,Technology,Phones,249.584,2,0.2,31.198
71,Second Class,Consumer,United States,Jackson,Michigan,49201,Central,Office Supplies,Paper,19.05,3,0.0,8.763
8981,Standard Class,Consumer,United States,Chicago,Illinois,60623,Central,Office Supplies,Appliances,2.334,3,0.8,-6.3018
3062,First Class,Corporate,United States,Newark,Delaware,19711,East,Technology,Phones,83.97,3,0.0,23.5116
3259,Standard Class,Home Office,United States,Highland Park,Illinois,60035,Central,Office Supplies,Binders,3.136,2,0.8,-4.704
8290,Standard Class,Home Office,United States,Miami,Florida,33180,South,Office Supplies,Supplies,5.552,2,0.2,-1.041
4174,Same Day,Consumer,United States,Columbia,South Carolina,29203,South,Office Supplies,Binders,58.34,2,0.0,28.0032
3044,Second Class,Consumer,United States,Troy,Ohio,45373,East,Technology,Phones,1022.97,5,0.4,-255.7425
5123,Standard Class,Corporate,United States,Lafayette,Louisiana,70506,South,Office Supplies,Paper,12.96,2,0.0,6.3504
1486,Standard Class,Home Office,United States,Los Angeles,California,90008,West,Technology,Phones,1212.848,7,0.2,106.1242
7939,Standard Class,Corporate,United States,Brentwood,California,94513,West,Office Supplies,Binders,221.056,8,0.2,77.3696
7142,Standard Class,Home Office,United States,Virginia Beach,Virginia,23464,South,Furniture,Furnishings,111.15,5,0.0,48.906
2711,First Class,Corporate,United States,Lakewood,Ohio,44107,East,Furniture,Furnishings,45.888,4,0.2,9.1776
8892,Standard Class,Home Office,United States,San Diego,California,92037,West,Furniture,Chairs,2676.672,9,0.2,267.6672
6701,Standard Class,Consumer,United States,Wilson,North Carolina,27893,South,Furniture,Furnishings,163.136,4,0.2,20.392
6217,Standard Class,Consumer,United States,Louisville,Kentucky,40214,South,Technology,Phones,29.97,3,0.0,0.2997
8247,Same Day,Home Office,United States,Aurora,Illinois,60505,Central,Office Supplies,Art,36.784,2,0.2,3.6784
4076,Second Class,Corporate,United States,Omaha,Nebraska,68104,Central,Office Supplies,Binders,7.04,2,0.0,3.3088
4624,Standard Class,Consumer,United States,Columbia,Tennessee,38401,South,Office Supplies,Storage,258.48,2,0.2,-3.231
7904,Standard Class,Consumer,United States,Houston,Texas,77036,Central,Office Supplies,Paper,76.64,2,0.2,26.824
2306,First Class,Corporate,United States,Houston,Texas,77041,Central,Office Supplies,Paper,27.216,3,0.2,9.8658
7618,First Class,Corporate,United States,Los Angeles,California,90032,West,Furniture,Tables,189.576,1,0.2,9.4788
6260,Standard Class,Consumer,United States,Seattle,Washington,98115,West,Office Supplies,Binders,14.592,3,0.2,4.9248
1798,Standard Class,Consumer,United States,San Jose,California,95123,West,Furniture,Furnishings,215.65,5,0.0,73.321
5242,Standard Class,Corporate,United States,Carrollton,Texas,75007,Central,Office Supplies,Binders,3.318,3,0.8,-5.6406
9499,First Class,Home Office,United States,Greenwood,Indiana,46142,Central,Office Supplies,Paper,67.8,10,0.0,31.188
9206,Same Day,Consumer,United States,Milford,Connecticut,6460,East,Office Supplies,Paper,51.84,8,0.0,24.8832
4397,Standard Class,Consumer,United States,Philadelphia,Pennsylvania,19120,East,Furniture,Chairs,172.186,2,0.3,-46.7362
3499,Standard Class,Consumer,United States,Mobile,Alabama,36608,South,Technology,Accessories,209.97,3,0.0,71.3898
9966,Second Class,Corporate,United States,Newark,Delaware,19711,East,Office Supplies,Envelopes,109.69,7,0.0,51.5543
7893,Standard Class,Home Office,United States,New York City,New York,10011,East,Office Supplies,Binders,13.92,3,0.2,4.35
8280,First Class,Corporate,United States,Jacksonville,North Carolina,28540,South,Office Supplies,Envelopes,65.232,3,0.2,22.0158
7072,Standard Class,Consumer,United States,Mcallen,Texas,78501,Central,Office Supplies,Paper,5.184,1,0.2,1.8144
8822,Standard Class,Consumer,United States,Orlando,Florida,32839,South,Office Supplies,Art,55.984,2,0.2,4.1988
5955,Second Class,Corporate,United States,Reading,Pennsylvania,19601,East,Furniture,Bookcases,521.96,4,0.5,-250.5408
3903,Standard Class,Home Office,United States,Philadelphia,Pennsylvania,19143,East,Office Supplies,Appliances,98.112,7,0.2,18.396
3239,Standard Class,Corporate,United States,Houston,Texas,77095,Central,Technology,Phones,122.92,7,0.2,46.095
1964,Second Class,Consumer,United States,Springfield,Missouri,65807,Central,Office Supplies,Storage,286.29,3,0.0,17.1774
3326,Standard Class,Consumer,United States,Houston,Texas,77095,Central,Office Supplies,Art,67.56,3,0.2,6.756
446,Second Class,Consumer,United States,Columbus,Indiana,47201,Central,Furniture,Furnishings,2.91,1,0.0,1.3677
4031,Standard Class,Home Office,United States,Covington,Washington,98042,West,Office Supplies,Appliances,236.88,6,0.0,66.3264
8701,Standard Class,Corporate,United States,Nashville,Tennessee,37211,South,Office Supplies,Storage,142.776,1,0.2,17.847
8203,Same Day,Corporate,United States,New York City,New York,10024,East,Furniture,Furnishings,11.82,3,0.0,4.728
1163,Standard Class,Home Office,United States,New York City,New York,10035,East,Office Supplies,Binders,125.76,3,0.2,40.872
7758,Second Class,Corporate,United States,Buffalo,New York,14215,East,Furniture,Furnishings,154.95,3,0.0,30.99
590,Standard Class,Consumer,United States,Salem,Oregon,97301,West,Office Supplies,Binders,16.821,3,0.7,-12.8961
6664,Standard Class,Consumer,United States,Virginia Beach,Virginia,23464,South,Office Supplies,Envelopes,251.58,7,0.0,113.211
172,Standard Class,Consumer,United States,Los Angeles,California,90004,West,Office Supplies,Paper,110.96,2,0.0,53.2608
5930,First Class,Consumer,United States,Philadelphia,Pennsylvania,19120,East,Office Supplies,Paper,15.552,3,0.2,5.4432
2241,Standard Class,Consumer,United States,Philadelphia,Pennsylvania,19134,East,Technology,Phones,494.982,3,0.4,-115.4958
9603,Standard Class,Corporate,United States,Rochester,New York,14609,East,Furniture,Tables,376.866,3,0.4,-213.5574
702,Second Class,Corporate,United States,Seattle,Washington,98103,West,Furniture,Furnishings,209.88,3,0.0,35.6796
1393,First Class,Corporate,United States,Burlington,North Carolina,27217,South,Office Supplies,Art,9.552,3,0.2,1.5522
1269,Standard Class,Consumer,United States,Florence,Alabama,35630,South,Office Supplies,Paper,12.48,2,0.0,5.616
2927,Standard Class,Consumer,United States,Apple Valley,Minnesota,55124,Central,Office Supplies,Art,8.64,3,0.0,2.5056
5402,Standard Class,Corporate,United States,New York City,New York,10024,East,Office Supplies,Binders,24.672,4,0.2,7.71
7312,Standard Class,Consumer,United States,Miami,Florida,33178,South,Office Supplies,Binders,11.214,2,0.7,-8.5974
8697,Standard Class,Corporate,United States,Nashville,Tennessee,37211,South,Furniture,Furnishings,31.168,4,0.2,9.3504
3541,First Class,Consumer,United States,Columbus,Ohio,43229,East,Furniture,Furnishings,5.352,3,0.2,1.6056
2840,Standard Class,Home Office,United States,Chesapeake,Virginia,23320,South,Furniture,Chairs,1139.92,4,0.0,284.98
5497,Second Class,Consumer,United States,New York City,New York,10024,East,Office Supplies,Art,6.56,2,0.0,1.9024
7029,Standard Class,Corporate,United States,New York City,New York,10011,East,Office Supplies,Storage,28.14,3,0.0,7.8792
3687,Standard Class,Consumer,United States,Port Saint Lucie,Florida,34952,South,Office Supplies,Binders,2.694,2,0.7,-2.245
5531,First Class,Consumer,United States,Little Rock,Arkansas,72209,South,Technology,Accessories,179.94,6,0.0,75.5748
7871,Standard Class,Home Office,United States,Lake Forest,California,92630,West,Office Supplies,Labels,6.16,2,0.0,2.9568
6868,Standard Class,Corporate,United States,Los Angeles,California,90004,West,Furniture,Tables,2887.056,9,0.2,180.441
3865,Second Class,Consumer,United States,San Francisco,California,94122,West,Technology,Accessories,238.0,2,0.0,38.08
1559,Standard Class,Corporate,United States,Seattle,Washington,98103,West,Office Supplies,Binders,35.352,9,0.2,12.8151
9573,Same Day,Consumer,United States,Columbus,Ohio,43229,East,Office Supplies,Art,17.12,5,0.2,1.926
4616,Second Class,Corporate,United States,Houston,Texas,77095,Central,Technology,Accessories,134.376,3,0.2,6.7188
2637,Standard Class,Consumer,United States,New York City,New York,10035,East,Office Supplies,Paper,19.04,4,0.0,9.3296
4862,Standard Class,Corporate,United States,New York City,New York,10011,East,Office Supplies,Binders,20.368,1,0.2,7.3834
1525,Standard Class,Consumer,United States,Tucson,Arizona,85705,West,Office Supplies,Art,86.304,6,0.2,9.7092
4187,Standard Class,Corporate,United States,Mcallen,Texas,78501,Central,Office Supplies,Binders,1.996,1,0.8,-3.2934
3953,Standard Class,Consumer,United States,Quincy,Massachusetts,2169,East,Office Supplies,Paper,12.7,2,0.0,5.842
5444,Standard Class,Consumer,United States,New York City,New York,10035,East,Office Supplies,Art,10.71,3,0.0,2.7846
7651,First Class,Consumer,United States,Dallas,Texas,75081,Central,Technology,Accessories,119.448,3,0.2,-13.4379
6962,Second Class,Corporate,United States,Columbia,South Carolina,29203,South,Office Supplies,Envelopes,10.2,5,0.0,4.794
3448,Standard Class,Consumer,United States,Los Angeles,California,90049,West,Office Supplies,Binders,27.264,2,0.2,8.8608
42,Standard Class,Corporate,United States,Los Angeles,California,90049,West,Office Supplies,Storage,77.88,2,0.0,3.894
9674,Second Class,Consumer,United States,Houston,Texas,77095,Central,Office Supplies,Storage,26.632,1,0.2,1.3316
5567,Same Day,Home Office,United States,Chicago,Illinois,60610,Central,Furniture,Chairs,89.768,1,0.3,-2.5648
5699,Standard Class,Consumer,United States,San Francisco,California,94109,West,Office Supplies,Paper,35.88,6,0.0,17.5812
8446,First Class,Corporate,United States,Cranston,Rhode Island,2920,East,Furniture,Furnishings,35.0,4,0.0,14.7
7292,Standard Class,Consumer,United States,Nashville,Tennessee,37211,South,Technology,Machines,649.0,2,0.5,-272.58
1576,Standard Class,Home Office,United States,Aurora,Illinois,60505,Central,Office Supplies,Storage,23.952,2,0.2,2.3952
579,Standard Class,Consumer,United States,Chicago,Illinois,60610,Central,Furniture,Furnishings,8.792,1,0.6,-5.7148
5379,Standard Class,Consumer,United States,Los Angeles,California,90045,West,Office Supplies,Paper,15.54,3,0.0,7.6146
8905,Same Day,Home Office,United States,New York City,New York,10009,East,Technology,Accessories,30.84,3,0.0,6.168
4748,Same Day,Corporate,United States,San Francisco,California,94110,West,Furniture,Furnishings,35.28,3,0.0,11.9952
863,Second Class,Corporate,United States,Jacksonville,Florida,32216,South,Office Supplies,Art,5.248,2,0.2,0.5904
1492,Standard Class,Corporate,United States,New York City,New York,10035,East,Furniture,Chairs,977.292,6,0.1,173.7408
461,Standard Class,Consumer,United States,Seattle,Washington,98115,West,Office Supplies,Binders,51.312,3,0.2,18.6006
9993,Second Class,Consumer,United States,Westminster,California,92683,West,Office Supplies,Appliances,243.16,2,0.0,72.948
3157,Standard Class,Corporate,United States,New York City,New York,10009,East,Technology,Accessories,26.0,2,0.0,11.7
3278,Second Class,Corporate,United States,Alexandria,Virginia,22304,South,Office Supplies,Paper,12.96,2,0.0,6.3504
6507,Second Class,Corporate,United States,Philadelphia,Pennsylvania,19143,East,Furniture,Furnishings,332.832,4,0.2,-24.9624
4319,Second Class,Consumer,United States,Albuquerque,New Mexico,87105,West,Technology,Phones,23.976,3,0.2,-5.6943
8324,First Class,Home Office,United States,Hialeah,Florida,33012,South,Office Supplies,Storage,61.68,5,0.2,5.397
3754,Second Class,Corporate,United States,Inglewood,California,90301,West,Office Supplies,Storage,354.9,5,0.0,17.745
364,Standard Class,Consumer,United States,New York City,New York,10009,East,Furniture,Furnishings,47.12,8,0.0,20.7328
1978,Standard Class,Consumer,United States,Salem,Oregon,97301,West,Office Supplies,Art,5.248,2,0.2,0.5904
718,Standard Class,Home Office,United States,Orem,Utah,84057,West,Office Supplies,Binders,59.808,3,0.2,19.4376
4738,Standard Class,Consumer,United States,Long Beach,California,90805,West,Office Supplies,Labels,61.06,2,0.0,28.0876
3979,Standard Class,Corporate,United States,New York City,New York,10024,East,Furniture,Tables,53.316,2,0.4,-19.5492
7111,Standard Class,Consumer,United States,New York City,New York,10035,East,Office Supplies,Art,71.96,2,0.0,17.99
754,Standard Class,Consumer,United States,Los Angeles,California,90036,West,Furniture,Furnishings,79.92,4,0.0,28.7712
5068,Standard Class,Home Office,United States,Trenton,Michigan,48183,Central,Technology,Copiers,549.99,1,0.0,274.995
6849,Standard Class,Consumer,United States,Los Angeles,California,90045,West,Furniture,Furnishings,59.92,4,0.0,27.5632
348,Standard Class,Consumer,United States,Lowell,Massachusetts,1852,East,Office Supplies,Art,12.96,2,0.0,4.1472
7772,Standard Class,Consumer,United States,Lancaster,Ohio,43130,East,Technology,Machines,4499.985,5,0.7,-6599.978
5599,Same Day,Consumer,United States,Columbus,Ohio,43229,East,Office Supplies,Art,55.984,2,0.2,4.1988
2320,Standard Class,Corporate,United States,Seattle,Washington,98115,West,Technology,Accessories,265.93,7,0.0,63.8232
2842,Standard Class,Consumer,United States,Huntsville,Texas,77340,Central,Office Supplies,Storage,143.728,2,0.2,-32.3388
8655,Same Day,Consumer,United States,Seattle,Washington,98103,West,Technology,Accessories,118.0,2,0.0,20.06
8180,Standard Class,Consumer,United States,Philadelphia,Pennsylvania,19120,East,Furniture,Tables,1252.704,8,0.4,-480.2032
5736,Standard Class,Consumer,United States,Los Angeles,California,90049,West,Office Supplies,Paper,19.36,2,0.0,9.2928
4538,Standard Class,Home Office,United States,Seattle,Washington,98115,West,Office Supplies,Art,13.12,4,0.0,4.3296
1268,Standard Class,Corporate,United States,Louisville,Colorado,80027,West,Furniture,Furnishings,29.328,3,0.2,3.666
2924,First Class,Consumer,United States,Watertown,New York,13601,East,Office Supplies,Appliances,19.9,1,0.0,8.955
7280,Standard Class,Consumer,United States,Columbia,Maryland,21044,East,Office Supplies,Binders,2541.98,2,0.0,1270.99
2124,Standard Class,Home Office,United States,Philadelphia,Pennsylvania,19143,East,Office Supplies,Envelopes,104.68,5,0.2,35.3295
6106,Standard Class,Consumer,United States,Grand Prairie,Texas,75051,Central,Office Supplies,Appliances,19.432,2,0.8,-49.5516
95,Standard Class,Home Office,United States,Portland,Oregon,97206,West,Office Supplies,Binders,5.682,1,0.7,-3.788
3380,First Class,Consumer,United States,Philadelphia,Pennsylvania,19120,East,Furniture,Furnishings,24.048,9,0.2,7.2144
2826,Standard Class,Home Office,United States,Houston,Texas,77041,Central,Office Supplies,Binders,2.724,2,0.8,-4.3584
4059,Standard Class,Consumer,United States,Oakland,California,94601,West,Furniture,Chairs,572.16,3,0.2,35.76
8572,Standard Class,Consumer,United States,Houston,Texas,77041,Central,Technology,Machines,998.85,5,0.4,-199.77
4711,Same Day,Consumer,United States,Philadelphia,Pennsylvania,19120,East,Office Supplies,Binders,0.852,1,0.7,-0.5964
1292,Standard Class,Consumer,United States,San Diego,California,92105,West,Office Supplies,Supplies,32.94,3,0.0,9.2232
2008,Standard Class,Consumer,United States,Johnson City,Tennessee,37604,South,Office Supplies,Art,4.224,3,0.2,0.4752
9580,First Class,Home Office,United States,New York City,New York,10035,East,Office Supplies,Art,29.95,5,0.0,8.6855
2630,Standard Class,Consumer,United States,Tulsa,Oklahoma,74133,Central,Office Supplies,Paper,14.94,3,0.0,7.0218
6342,First Class,Home Office,United States,Newark,Delaware,19711,East,Technology,Accessories,119.85,3,0.0,52.734
637,Standard Class,Consumer,United States,Aurora,Colorado,80013,West,Office Supplies,Appliances,122.328,3,0.2,12.2328
1169,Second Class,Consumer,United States,New York City,New York,10035,East,Office Supplies,Paper,19.44,3,0.0,9.3312
4713,Standard Class,Consumer,United States,Huntsville,Texas,77340,Central,Furniture,Furnishings,56.568,2,0.6,-74.9526
8679,Second Class,Home Office,United States,Houston,Texas,77070,Central,Technology,Accessories,159.56,5,0.2,33.9065
8846,Standard Class,Consumer,United States,Columbus,Ohio,43229,East,Office Supplies,Paper,91.36,5,0.2,29.692
1936,Second Class,Home Office,United States,San Francisco,California,94109,West,Furniture,Furnishings,14.73,3,0.0,4.8609
5707,Standard Class,Consumer,United States,New York City,New York,10024,East,Furniture,Furnishings,79.44,3,0.0,30.1872
3040,Standard Class,Consumer,United States,Chattanooga,Tennessee,37421,South,Furniture,Furnishings,16.72,5,0.2,3.344
7407,First Class,Consumer,United States,Chicago,Illinois,60653,Central,Office Supplies,Labels,11.52,5,0.2,4.176
1445,First Class,Home Office,United States,Chicago,Illinois,60653,Central,Office Supplies,Storage,164.736,4,0.2,-39.1248
3669,Standard Class,Consumer,United States,Salem,Oregon,97301,West,Office Supplies,Labels,11.52,5,0.2,3.744
3236,Same Day,Consumer,United States,New York City,New York,10024,East,Office Supplies,Storage,44.94,3,0.0,12.5832
554,Second Class,Corporate,United States,Anaheim,California,92804,West,Office Supplies,Storage,1295.78,2,0.0,310.9872
5010,Standard Class,Corporate,United States,Philadelphia,Pennsylvania,19134,East,Office Supplies,Binders,4.923,3,0.7,-3.9384
9584,First Class,Home Office,United States,Detroit,Michigan,48234,Central,Office Supplies,Storage,53.72,4,0.0,13.9672
8464,Standard Class,Consumer,United States,Louisville,Colorado,80027,West,Technology,Accessories,46.688,4,0.2,-2.918
7177,Standard Class,Corporate,United States,Philadelphia,Pennsylvania,19140,East,Office Supplies,Binders,2.202,2,0.7,-1.5414
2722,Second Class,Consumer,United States,Alexandria,Virginia,22304,South,Office Supplies,Storage,81.2,5,0.0,12.18
7550,Standard Class,Corporate,United States,New York City,New York,10024,East,Office Supplies,Envelopes,34.74,3,0.0,17.37
8090,Standard Class,Home Office,United States,Seattle,Washington,98103,West,Office Supplies,Storage,269.36,7,0.0,70.0336
2824,Standard Class,Home Office,United States,Houston,Texas,77041,Central,Office Supplies,Paper,33.792,8,0.2,10.56
4815,Standard Class,Consumer,United States,Philadelphia,Pennsylvania,19134,East,Office Supplies,Paper,18.264,3,0.2,6.1641
2056,First Class,Consumer,United States,Detroit,Michigan,48227,Central,Furniture,Chairs,1586.69,7,0.0,412.5394
2978,Second Class,Consumer,United States,Mount Pleasant,South Carolina,29464,South,Furniture,Chairs,545.94,6,0.0,87.3504
6579,Same Day,Consumer,United States,Seattle,Washington,98105,West,Office Supplies,Paper,6.68,1,0.0,3.2064
7778,Standard Class,Home Office,United States,Moreno Valley,California,92553,West,Office Supplies,Binders,37.056,3,0.2,13.896
7970,Standard Class,Corporate,United States,Philadelphia,Pennsylvania,19134,East,Technology,Phones,519.792,4,0.4,-112.6216
6247,Standard Class,Consumer,United States,Columbus,Indiana,47201,Central,Office Supplies,Binders,43.41,1,0.0,19.9686
8244,Standard Class,Consumer,United States,San Francisco,California,94122,West,Furniture,Furnishings,85.44,3,0.0,31.6128
1652,First Class,Consumer,United States,Seattle,Washington,98105,West,Office Supplies,Storage,169.68,6,0.0,45.8136
3659,Standard Class,Corporate,United States,Plantation,Florida,33317,South,Furniture,Furnishings,6.408,3,0.2,1.4418
2230,Standard Class,Consumer,United States,San Francisco,California,94122,West,Office Supplies,Appliances,52.98,2,0.0,14.8344
9844,First Class,Consumer,United States,Decatur,Illinois,62521,Central,Furniture,Furnishings,61.544,7,0.6,-40.0036
7320,Second Class,Consumer,United States,New York City,New York,10009,East,Furniture,Furnishings,135.3,5,0.0,37.884
2136,Standard Class,Consumer,United States,Grand Prairie,Texas,75051,Central,Furniture,Furnishings,14.76,5,0.6,-11.439
1532,Standard Class,Consumer,United States,Tempe,Arizona,85281,West,Office Supplies,Fasteners,8.376,3,0.2,2.7222
2613,Standard Class,Corporate,United States,Los Angeles,California,90045,West,Furniture,Chairs,41.568,2,0.2,2.598
7725,Standard Class,Consumer,United States,Cleveland,Ohio,44105,East,Office Supplies,Storage,24.224,2,0.2,-4.8448
2526,Standard Class,Consumer,United States,Houston,Texas,77041,Central,Office Supplies,Binders,6.9,3,0.8,-12.075
3261,First Class,Corporate,United States,San Francisco,California,94109,West,Technology,Accessories,99.98,2,0.0,7.9984
8523,Standard Class,Consumer,United States,San Francisco,California,94109,West,Office Supplies,Paper,55.86,7,0.0,27.93
876,Standard Class,Home Office,United States,Concord,New Hampshire,3301,East,Technology,Accessories,29.99,1,0.0,13.1956
4470,Standard Class,Corporate,United States,Philadelphia,Pennsylvania,19140,East,Furniture,Chairs,128.058,3,0.3,-23.7822
2822,First Class,Consumer,United States,Arlington,Texas,76017,Central,Office Supplies,Art,8.928,2,0.2,0.558
8278,Standard Class,Home Office,United States,Tampa,Florida,33614,South,Office Supplies,Storage,432.456,3,0.2,32.4342
2443,Standard Class,Consumer,United States,Passaic,New Jersey,7055,East,Technology,Accessories,95.1,5,0.0,30.432
7745,Standard Class,Corporate,United States,Waterbury,Connecticut,6708,East,Office Supplies,Art,9.84,3,0.0,2.8536
806,Standard Class,Consumer,United States,Denver,Colorado,80219,West,Technology,Phones,1983.968,4,0.2,247.996
3313,Standard Class,Consumer,United States,San Diego,California,92037,West,Office Supplies,Paper,81.98,2,0.0,40.1702
1192,Second Class,Home Office,United States,Los Angeles,California,90036,West,Office Supplies,Paper,23.12,4,0.0,11.3288
4097,Standard Class,Consumer,United States,Minneapolis,Minnesota,55407,Central,Office Supplies,Storage,404.9,5,0.0,16.196
3940,Standard Class,Consumer,United States,New York City,New York,10024,East,Furniture,Furnishings,14.56,2,0.0,6.2608
8197,Standard Class,Consumer,United States,Knoxville,Tennessee,37918,South,Office Supplies,Art,71.96,5,0.2,7.196
7491,Same Day,Consumer,United States,Utica,New York,13501,East,Technology,Phones,119.94,6,0.0,5.997
2276,Standard Class,Consumer,United States,Southaven,Mississippi,38671,South,Office Supplies,Storage,306.2,5,0.0,0.0
8292,Standard Class,Consumer,United States,Troy,Ohio,45373,East,Office Supplies,Binders,10.332,3,0.7,-7.5768
6704,Standard Class,Consumer,United States,Long Beach,California,90805,West,Office Supplies,Fasteners,5.43,3,0.0,1.7919
6597,Standard Class,Consumer,United States,Jacksonville,Florida,32216,South,Office Supplies,Binders,1.365,1,0.7,-0.91
6189,Standard Class,Consumer,United States,Des Plaines,Illinois,60016,Central,Technology,Phones,383.84,4,0.2,47.98
8488,Second Class,Consumer,United States,Arlington,Virginia,22204,South,Technology,Machines,8749.95,5,0.0,2799.984
9885,Standard Class,Corporate,United States,Los Angeles,California,90008,West,Technology,Accessories,159.98,2,0.0,57.5928
5369,First Class,Corporate,United States,Akron,Ohio,44312,East,Office Supplies,Paper,85.056,3,0.2,28.7064
6429,Standard Class,Consumer,United States,Jacksonville,North Carolina,28540,South,Office Supplies,Storage,25.984,2,0.2,-1.624
3883,Standard Class,Consumer,United States,Gilbert,Arizona,85234,West,Furniture,Furnishings,40.256,4,0.2,11.0704
1651,Same Day,Corporate,United States,San Francisco,California,94110,West,Office Supplies,Paper,13.36,2,0.0,6.4128
6982,Standard Class,Consumer,United States,Detroit,Michigan,48227,Central,Office Supplies,Binders,24.1,5,0.0,11.086
10,Standard Class,Consumer,United States,Los Angeles,California,90032,West,Furniture,Tables,1706.184,9,0.2,85.3092
7816,Second Class,Home Office,United States,North Las Vegas,Nevada,89031,West,Office Supplies,Art,113.22,3,0.0,29.4372
6564,Standard Class,Consumer,United States,Lawrence,Massachusetts,1841,East,Office Supplies,Art,8.64,3,0.0,2.5056
8013,Same Day,Consumer,United States,New York City,New York,10009,East,Technology,Accessories,120.0,8,0.0,13.2
6603,First Class,Consumer,United States,Commerce City,Colorado,80022,West,Office Supplies,Storage,146.352,3,0.2,-32.9292
4185,First Class,Consumer,United States,Baltimore,Maryland,21215,East,Technology,Accessories,98.16,6,0.0,9.816
6917,Standard Class,Corporate,United States,Sacramento,California,95823,West,Furniture,Chairs,1403.92,5,0.2,70.196
5239,Standard Class,Consumer,United States,San Jose,California,95123,West,Office Supplies,Storage,332.94,3,0.0,6.6588
2839,Second Class,Corporate,United States,New York City,New York,10009,East,Office Supplies,Storage,120.33,1,0.0,31.2858
8651,Same Day,Consumer,United States,Seattle,Washington,98103,West,Furniture,Furnishings,14.19,3,0.0,5.5341
3202,Standard Class,Consumer,United States,San Diego,California,92037,West,Technology,Phones,601.536,8,0.2,60.1536
3606,Second Class,Consumer,United States,New York City,New York,10024,East,Office Supplies,Envelopes,29.34,3,0.0,13.4964
6605,Standard Class,Consumer,United States,Santa Ana,California,92704,West,Office Supplies,Paper,45.36,7,0.0,21.7728
3697,Second Class,Home Office,United States,Seattle,Washington,98115,West,Furniture,Furnishings,141.96,2,0.0,22.7136
2103,Second Class,Corporate,United States,New York City,New York,10009,East,Office Supplies,Paper,221.92,4,0.0,106.5216
7593,Standard Class,Consumer,United States,Philadelphia,Pennsylvania,19134,East,Furniture,Chairs,887.271,3,0.3,-63.3765
6116,Standard Class,Home Office,United States,New York City,New York,10011,East,Technology,Phones,2279.96,4,0.0,592.7896
7331,Standard Class,Corporate,United States,Lancaster,Pennsylvania,17602,East,Technology,Phones,61.542,1,0.4,-13.3341
3910,Standard Class,Home Office,United States,Philadelphia,Pennsylvania,19143,East,Furniture,Bookcases,352.45,5,0.5,-211.47
9783,Second Class,Corporate,United States,Paterson,New Jersey,7501,East,Office Supplies,Storage,62.18,1,0.0,16.7886
3996,Standard Class,Consumer,United States,Kenosha,Wisconsin,53142,Central,Technology,Phones,769.95,5,0.0,223.2855
9194,Standard Class,Consumer,United States,Avondale,Arizona,85323,West,Office Supplies,Supplies,47.992,7,0.2,3.5994
7732,Standard Class,Consumer,United States,Houston,Texas,77070,Central,Office Supplies,Paper,10.688,2,0.2,3.7408
7860,Standard Class,Consumer,United States,Cuyahoga Falls,Ohio,44221,East,Office Supplies,Binders,18.528,4,0.7,-12.352
4154,Standard Class,Corporate,United States,Bristol,Tennessee,37620,South,Office Supplies,Binders,38.088,4,0.7,-27.9312
1714,Standard Class,Consumer,United States,San Francisco,California,94110,West,Furniture,Bookcases,307.666,2,0.15,-14.4784
7566,First Class,Corporate,United States,Houston,Texas,77070,Central,Technology,Accessories,47.976,3,0.2,8.3958
6130,Standard Class,Home Office,United States,Virginia Beach,Virginia,23464,South,Office Supplies,Fasteners,3.76,2,0.0,1.316
711,Standard Class,Consumer,United States,Palm Coast,Florida,32137,South,Office Supplies,Envelopes,24.448,4,0.2,8.8624
3948,Standard Class,Home Office,United States,Pasadena,Texas,77506,Central,Office Supplies,Labels,48.848,2,0.2,15.8756
7298,First Class,Consumer,United States,Des Plaines,Illinois,60016,Central,Furniture,Tables,292.1,4,0.5,-175.26
7535,Standard Class,Corporate,United States,Los Angeles,California,90004,West,Office Supplies,Supplies,29.7,3,0.0,8.019
2299,Standard Class,Consumer,United States,New York City,New York,10011,East,Technology,Phones,503.96,4,0.0,125.99
7318,Standard Class,Corporate,United States,Hillsboro,Oregon,97123,West,Office Supplies,Binders,4.158,7,0.7,-3.465
5101,Same Day,Consumer,United States,Dallas,Texas,75217,Central,Office Supplies,Paper,5.184,1,0.2,1.8792
8887,Second Class,Corporate,United States,Los Angeles,California,90036,West,Office Supplies,Storage,276.28,2,0.0,0.0
8411,Second Class,Consumer,United States,Salem,Virginia,24153,South,Office Supplies,Art,27.86,7,0.0,9.1938
1012,Second Class,Consumer,United States,Olympia,Washington,98502,West,Office Supplies,Storage,14.03,1,0.0,4.0687
8937,Second Class,Consumer,United States,Los Angeles,California,90008,West,Technology,Phones,135.984,2,0.2,16.998
9820,Standard Class,Corporate,United States,Saint Petersburg,Florida,33710,South,Office Supplies,Paper,42.24,10,0.2,13.2
2275,Second Class,Corporate,United States,Los Angeles,California,90036,West,Furniture,Chairs,122.352,3,0.2,13.7646
4678,Standard Class,Consumer,United States,Logan,Utah,84321,West,Technology,Accessories,82.8,12,0.0,6.624
4025,First Class,Corporate,United States,Bedford,Texas,76021,Central,Office Supplies,Paper,29.664,4,0.2,10.0116
2347,Standard Class,Consumer,United States,San Antonio,Texas,78207,Central,Furniture,Tables,557.585,5,0.3,0.0
1244,Standard Class,Consumer,United States,Gulfport,Mississippi,39503,South,Office Supplies,Envelopes,48.69,9,0.0,23.8581
3529,Standard Class,Consumer,United States,Orlando,Florida,32839,South,Technology,Accessories,87.168,3,0.2,10.896
3525,Second Class,Home Office,United States,Jackson,Mississippi,39212,South,Technology,Accessories,599.97,3,0.0,257.9871
173,Standard Class,Consumer,United States,Los Angeles,California,90004,West,Furniture,Chairs,340.144,7,0.2,21.259
4594,Standard Class,Corporate,United States,Los Angeles,California,90004,West,Furniture,Tables,902.712,3,0.2,33.8517
1604,Second Class,Consumer,United States,Los Angeles,California,90049,West,Technology,Phones,39.96,5,0.2,12.987
1324,Standard Class,Corporate,United States,Lawrence,Massachusetts,1841,East,Office Supplies,Storage,46.26,3,0.0,12.4902
4509,Standard Class,Consumer,United States,Los Angeles,California,90036,West,Furniture,Tables,171.288,3,0.2,-6.4233
7324,First Class,Consumer,United States,New York City,New York,10024,East,Office Supplies,Labels,9.45,3,0.0,4.536
4703,Standard Class,Corporate,United States,Houston,Texas,77095,Central,Office Supplies,Appliances,8.712,2,0.8,-19.602
3897,Standard Class,Corporate,United States,San Antonio,Texas,78207,Central,Office Supplies,Paper,15.552,3,0.2,5.4432
3300,Standard Class,Consumer,United States,Philadelphia,Pennsylvania,19140,East,Office Supplies,Storage,76.792,1,0.2,-16.3183
4567,Standard Class,Consumer,United States,Fayetteville,North Carolina,28314,South,Office Supplies,Paper,24.448,4,0.2,8.8624
6692,Second Class,Home Office,United States,Lake Charles,Louisiana,70601,South,Office Supplies,Binders,477.51,11,0.0,219.6546
2311,First Class,Home Office,United States,Peoria,Arizona,85345,West,Office Supplies,Art,15.872,1,0.2,1.984
7186,Standard Class,Home Office,United States,Houston,Texas,77095,Central,Furniture,Chairs,74.592,4,0.3,-2.1312
7887,Second Class,Consumer,United States,Thornton,Colorado,80229,West,Furniture,Furnishings,16.192,1,0.2,4.6552
1788,Standard Class,Corporate,United States,Kenosha,Wisconsin,53142,Central,Technology,Phones,699.98,2,0.0,195.9944
5503,Standard Class,Corporate,United States,Philadelphia,Pennsylvania,19140,East,Office Supplies,Appliances,20.136,3,0.2,1.2585
8723,Second Class,Home Office,United States,Miami,Florida,33178,South,Office Supplies,Paper,37.408,7,0.2,13.0928
7102,First Class,Consumer,United States,Philadelphia,Pennsylvania,19140,East,Office Supplies,Binders,6.57,3,0.7,-5.037
8878,Standard Class,Consumer,United States,Morristown,New Jersey,7960,East,Office Supplies,Storage,34.05,3,0.0,9.534
9605,Standard Class,Corporate,United States,Lancaster,Ohio,43130,East,Technology,Accessories,70.72,4,0.2,-6.188
9515,Standard Class,Consumer,United States,Chicago,Illinois,60653,Central,Office Supplies,Art,54.208,14,0.2,8.8088
8991,Standard Class,Home Office,United States,San Francisco,California,94110,West,Technology,Accessories,104.75,5,0.0,21.9975
4029,Standard Class,Consumer,United States,Lafayette,Louisiana,70506,South,Technology,Machines,479.97,3,0.0,239.985
7377,Standard Class,Corporate,United States,Seattle,Washington,98115,West,Office Supplies,Storage,92.52,6,0.0,24.9804
9230,First Class,Consumer,United States,Los Angeles,California,90045,West,Office Supplies,Paper,58.32,9,0.0,27.9936
9751,Standard Class,Consumer,United States,Chicago,Illinois,60610,Central,Office Supplies,Art,27.72,3,0.2,3.465
7010,Standard Class,Consumer,United States,New York City,New York,10035,East,Office Supplies,Binders,17.96,5,0.2,5.837
8870,Standard Class,Corporate,United States,Seattle,Washington,98105,West,Furniture,Furnishings,70.68,12,0.0,31.0992
6069,Standard Class,Home Office,United States,Lakewood,California,90712,West,Technology,Machines,343.2,1,0.2,38.61
1474,Standard Class,Home Office,United States,Niagara Falls,New York,14304,East,Office Supplies,Art,17.28,6,0.0,5.0112
1413,Standard Class,Consumer,United States,New York City,New York,10024,East,Office Supplies,Binders,334.768,7,0.2,108.7996
7581,First Class,Consumer,United States,Philadelphia,Pennsylvania,19143,East,Office Supplies,Storage,422.856,3,0.2,15.8571
3806,Standard Class,Corporate,United States,Plantation,Florida,33317,South,Office Supplies,Art,11.76,5,0.2,1.323
5079,Standard Class,Consumer,United States,San Francisco,California,94122,West,Furniture,Bookcases,359.499,3,0.15,-29.6058
7647,First Class,Corporate,United States,San Francisco,California,94110,West,Office Supplies,Binders,4.544,2,0.2,1.6472
7442,First Class,Corporate,United States,Brownsville,Texas,78521,Central,Office Supplies,Paper,10.688,2,0.2,3.7408
9911,Standard Class,Corporate,United States,Richmond,Kentucky,40475,South,Office Supplies,Binders,115.36,7,0.0,56.5264
1795,First Class,Home Office,United States,New York City,New York,10024,East,Office Supplies,Storage,63.84,8,0.0,16.5984
6304,Same Day,Consumer,United States,New York City,New York,10035,East,Office Supplies,Paper,6.68,1,0.0,3.2064
6338,Standard Class,Corporate,United States,New York City,New York,10035,East,Technology,Phones,87.8,4,0.0,43.9
4544,Second Class,Consumer,United States,Chicago,Illinois,60610,Central,Technology,Phones,148.48,2,0.2,16.704
2569,Same Day,Corporate,United States,Newark,Ohio,43055,East,Technology,Phones,164.388,2,0.4,-35.6174
5532,First Class,Consumer,United States,Little Rock,Arkansas,72209,South,Technology,Accessories,26.85,3,0.0,5.1015
8926,Standard Class,Consumer,United States,Rockford,Illinois,61107,Central,Furniture,Tables,626.1,3,0.5,-538.446
1037,First Class,Consumer,United States,Los Angeles,California,90004,West,Office Supplies,Binders,36.624,3,0.2,13.734
2400,Standard Class,Corporate,United States,Florence,South Carolina,29501,South,Office Supplies,Storage,56.45,5,0.0,14.677
817,Standard Class,Consumer,United States,Philadelphia,Pennsylvania,19140,East,Office Supplies,Paper,41.472,8,0.2,14.5152
7565,Second Class,Consumer,United States,Seattle,Washington,98103,West,Furniture,Bookcases,48.58,1,0.0,7.7728
2547,Standard Class,Consumer,United States,Phoenix,Arizona,85023,West,Office Supplies,Art,2.304,1,0.2,0.2592
4165,First Class,Corporate,United States,Aurora,Colorado,80013,West,Office Supplies,Storage,168.624,9,0.2,14.7546
2725,Standard Class,Consumer,United States,Philadelphia,Pennsylvania,19120,East,Technology,Phones,359.97,5,0.4,-71.994
610,First Class,Corporate,United States,Dallas,Texas,75217,Central,Technology,Phones,369.576,3,0.2,41.5773
8840,Second Class,Corporate,United States,Los Angeles,California,90004,West,Technology,Accessories,299.97,3,0.0,131.9868
6681,Second Class,Consumer,United States,Meriden,Connecticut,6450,East,Office Supplies,Paper,146.82,3,0.0,73.41
1424,Standard Class,Corporate,United States,Mesa,Arizona,85204,West,Technology,Phones,263.96,5,0.2,23.0965
6899,Second Class,Consumer,United States,Naperville,Illinois,60540,Central,Office Supplies,Binders,7.656,6,0.8,-13.0152
6642,Standard Class,Consumer,United States,Indianapolis,Indiana,46203,Central,Office Supplies,Labels,133.2,9,0.0,66.6
8222,Standard Class,Consumer,United States,Arlington,Texas,76017,Central,Office Supplies,Storage,12.624,2,0.2,-2.5248
9452,Standard Class,Corporate,United States,Los Angeles,California,90032,West,Office Supplies,Binders,81.792,6,0.2,26.5824
5892,Standard Class,Consumer,United States,Chicago,Illinois,60610,Central,Technology,Accessories,81.576,3,0.2,2.0394
7531,First Class,Consumer,United States,Longmont,Colorado,80501,West,Furniture,Furnishings,266.352,3,0.2,-13.3176
7432,Standard Class,Consumer,United States,Phoenix,Arizona,85023,West,Office Supplies,Fasteners,4.464,3,0.2,-0.9486
7200,Standard Class,Consumer,United States,Fort Lauderdale,Florida,33311,South,Technology,Phones,116.76,1,0.2,14.595
1207,Second Class,Corporate,United States,New York City,New York,10009,East,Office Supplies,Binders,9.144,3,0.2,3.2004
1888,First Class,Consumer,United States,Fairfield,Ohio,45014,East,Office Supplies,Appliances,121.792,4,0.2,13.7016
9925,First Class,Corporate,United States,New York City,New York,10035,East,Office Supplies,Binders,1087.936,8,0.2,353.5792
3357,Standard Class,Home Office,United States,Chicago,Illinois,60610,Central,Office Supplies,Paper,73.008,9,0.2,26.4654
6687,Standard Class,Consumer,United States,Los Angeles,California,90032,West,Office Supplies,Storage,1117.92,4,0.0,55.896
4794,Standard Class,Corporate,United States,Los Angeles,California,90036,West,Furniture,Furnishings,43.13,1,0.0,18.1146
1925,Standard Class,Corporate,United States,San Francisco,California,94110,West,Technology,Accessories,199.98,2,0.0,69.993
3249,Standard Class,Home Office,United States,Seattle,Washington,98103,West,Technology,Phones,105.584,2,0.2,7.9188
4920,Standard Class,Consumer,United States,Chicago,Illinois,60653,Central,Office Supplies,Binders,2.296,2,0.8,-3.9032
5037,Second Class,Consumer,United States,Naperville,Illinois,60540,Central,Technology,Accessories,239.96,5,0.2,83.986
5922,Standard Class,Consumer,United States,New York City,New York,10035,East,Technology,Phones,67.8,4,0.0,1.356
6708,Standard Class,Consumer,United States,Rio Rancho,New Mexico,87124,West,Furniture,Chairs,883.84,4,0.2,99.432
2298,Standard Class,Consumer,United States,New York City,New York,10011,East,Technology,Accessories,1399.93,7,0.0,601.9699
5611,Standard Class,Corporate,United States,Seattle,Washington,98105,West,Technology,Accessories,843.9,2,0.0,371.316
3277,Second Class,Corporate,United States,Alexandria,Virginia,22304,South,Technology,Phones,28.99,1,0.0,8.4071
281,Second Class,Consumer,United States,Houston,Texas,77070,Central,Technology,Phones,1114.4,7,0.2,376.11
8557,Second Class,Corporate,United States,Houston,Texas,77041,Central,Technology,Phones,453.576,3,0.2,39.6879
1901,First Class,Home Office,United States,Detroit,Michigan,48205,Central,Technology,Phones,14.78,2,0.0,3.9906
1040,Standard Class,Home Office,United States,Saint Peters,Missouri,63376,Central,Furniture,Tables,697.16,4,0.0,146.4036
9239,Standard Class,Corporate,United States,Tallahassee,Florida,32303,South,Office Supplies,Paper,56.784,7,0.2,20.5842
490,Second Class,Home Office,United States,Huntsville,Texas,77340,Central,Office Supplies,Art,70.368,2,0.2,6.1572
8027,Second Class,Corporate,United States,New York City,New York,10035,East,Technology,Accessories,19.99,1,0.0,6.7966
6739,Standard Class,Consumer,United States,Chicago,Illinois,60623,Central,Office Supplies,Storage,102.624,3,0.2,7.6968
2331,Second Class,Corporate,United States,Los Angeles,California,90004,West,Office Supplies,Paper,41.7,5,0.0,20.85
5644,First Class,Home Office,United States,Seattle,Washington,98105,West,Office Supplies,Binders,34.76,5,0.2,11.297
93,Second Class,Consumer,United States,Minneapolis,Minnesota,55407,Central,Furniture,Furnishings,53.34,3,0.0,16.5354
9474,Second Class,Corporate,United States,Chicago,Illinois,60653,Central,Office Supplies,Labels,5.904,2,0.2,1.9926
3497,Standard Class,Home Office,United States,Los Angeles,California,90036,West,Office Supplies,Appliances,487.92,6,0.0,136.6176
257,Standard Class,Corporate,United States,Chicago,Illinois,60623,Central,Technology,Phones,647.904,6,0.2,56.6916
792,Same Day,Consumer,United States,Asheville,North Carolina,28806,South,Technology,Phones,1363.96,5,0.2,85.2475
5717,Second Class,Corporate,United States,Ann Arbor,Michigan,48104,Central,Office Supplies,Envelopes,57.96,7,0.0,27.2412
2422,Standard Class,Home Office,United States,Elmhurst,Illinois,60126,Central,Office Supplies,Paper,9.664,2,0.2,3.2616
8459,Standard Class,Consumer,United States,Houston,Texas,77070,Central,Office Supplies,Binders,12.384,3,0.8,-19.8144
4690,First Class,Consumer,United States,Tucson,Arizona,85705,West,Technology,Accessories,71.976,3,0.2,21.5928
3498,Standard Class,Home Office,United States,Los Angeles,California,90036,West,Office Supplies,Binders,15.24,5,0.2,5.334
5400,First Class,Consumer,United States,Seattle,Washington,98103,West,Technology,Accessories,71.98,2,0.0,15.1158
1071,Standard Class,Home Office,United States,Denver,Colorado,80219,West,Office Supplies,Paper,29.472,3,0.2,9.9468
567,Standard Class,Corporate,United States,Seattle,Washington,98105,West,Office Supplies,Binders,81.088,7,0.2,27.3672
2153,Standard Class,Corporate,United States,New York City,New York,10009,East,Office Supplies,Binders,14.16,2,0.2,5.133
3625,Second Class,Home Office,United States,San Francisco,California,94109,West,Office Supplies,Art,3.52,2,0.0,1.0208
1421,Standard Class,Corporate,United States,Mesa,Arizona,85204,West,Office Supplies,Appliances,60.672,2,0.2,14.4096
8794,First Class,Corporate,United States,Los Angeles,California,90008,West,Technology,Phones,583.8,5,0.2,72.975
4534,Standard Class,Corporate,United States,Los Angeles,California,90004,West,Office Supplies,Paper,11.96,2,0.0,5.8604
1452,First Class,Corporate,United States,Mobile,Alabama,36608,South,Office Supplies,Binders,91.68,3,0.0,45.84
706,Standard Class,Corporate,United States,Cary,North Carolina,27511,South,Technology,Accessories,15.216,1,0.2,2.2824
4156,Second Class,Consumer,United States,Philadelphia,Pennsylvania,19140,East,Technology,Accessories,47.984,2,0.2,0.5998
9467,Second Class,Consumer,United States,New York City,New York,10024,East,Furniture,Tables,166.5,2,0.4,-66.6
9210,Second Class,Home Office,United States,Burlington,Iowa,52601,Central,Office Supplies,Binders,5.4,3,0.0,2.592
276,Standard Class,Corporate,United States,Philadelphia,Pennsylvania,19140,East,Office Supplies,Paper,11.648,2,0.2,4.0768
9645,Standard Class,Consumer,United States,Glendale,Arizona,85301,West,Office Supplies,Storage,35.168,2,0.2,-8.3524
8632,First Class,Consumer,United States,Bethlehem,Pennsylvania,18018,East,Office Supplies,Binders,1369.764,6,0.7,-913.176
8387,Standard Class,Consumer,United States,Manchester,Connecticut,6040,East,Office Supplies,Storage,77.55,5,0.0,21.714
6678,Standard Class,Home Office,United States,Phoenix,Arizona,85023,West,Furniture,Furnishings,46.872,7,0.2,3.5154
3791,First Class,Corporate,United States,Altoona,Pennsylvania,16602,East,Office Supplies,Binders,4.419,3,0.7,-3.3879
7424,Standard Class,Consumer,United States,Philadelphia,Pennsylvania,19143,East,Furniture,Furnishings,36.672,3,0.2,6.4176
9520,Standard Class,Corporate,United States,Los Angeles,California,90049,West,Office Supplies,Storage,93.02,2,0.0,3.7208
9944,Second Class,Home Office,United States,Seattle,Washington,98103,West,Office Supplies,Storage,40.74,3,0.0,0.4074
7047,Standard Class,Home Office,United States,Concord,California,94521,West,Technology,Accessories,399.96,4,0.0,139.986
4672,Standard Class,Consumer,United States,Detroit,Michigan,48205,Central,Technology,Phones,635.96,4,0.0,165.3496
54,Standard Class,Corporate,United States,New York City,New York,10024,East,Technology,Phones,1029.95,5,0.0,298.6855
1449,Standard Class,Corporate,United States,Los Angeles,California,90008,West,Technology,Phones,88.752,3,0.2,11.094
3906,Standard Class,Home Office,United States,Philadelphia,Pennsylvania,19143,East,Furniture,Furnishings,547.136,4,0.2,-68.392
9673,Standard Class,Home Office,United States,Philadelphia,Pennsylvania,19143,East,Technology,Phones,1499.97,5,0.4,-374.9925
8951,Standard Class,Consumer,United States,Jackson,Tennessee,38301,South,Office Supplies,Storage,26.16,3,0.2,1.962
5780,Standard Class,Consumer,United States,Los Angeles,California,90049,West,Technology,Machines,71.976,3,0.2,24.2919
2616,Standard Class,Consumer,United States,San Francisco,California,94110,West,Office Supplies,Labels,5.78,2,0.0,2.7166
3396,Standard Class,Home Office,United States,Indianapolis,Indiana,46203,Central,Office Supplies,Binders,169.99,1,0.0,78.1954
7350,Standard Class,Corporate,United States,Milwaukee,Wisconsin,53209,Central,Office Supplies,Binders,21.9,5,0.0,10.512
2252,Second Class,Home Office,United States,San Diego,California,92105,West,Office Supplies,Paper,143.7,3,0.0,68.976
9838,Standard Class,Consumer,United States,Long Beach,California,90805,West,Office Supplies,Labels,4.98,1,0.0,2.2908
4744,Same Day,Consumer,United States,Rochester,Minnesota,55901,Central,Office Supplies,Storage,221.16,4,0.0,57.5016
3447,Standard Class,Home Office,United States,Auburn,Alabama,36830,South,Office Supplies,Art,3.76,2,0.0,1.0904
4224,First Class,Consumer,United States,Quincy,Illinois,62301,Central,Office Supplies,Binders,1.964,2,0.8,-3.2406
4403,First Class,Consumer,United States,New York City,New York,10009,East,Office Supplies,Art,21.24,3,0.0,8.0712
6682,First Class,Home Office,United States,Franklin,Wisconsin,53132,Central,Office Supplies,Binders,3.6,2,0.0,1.728
1302,Second Class,Home Office,United States,Arlington,Virginia,22204,South,Furniture,Bookcases,61.96,2,0.0,4.3372
4067,Standard Class,Corporate,United States,Charlotte,North Carolina,28205,South,Office Supplies,Labels,47.808,12,0.2,15.5376
8265,Standard Class,Consumer,United States,New York City,New York,10035,East,Office Supplies,Binders,35.448,7,0.2,12.8499
3891,Standard Class,Corporate,United States,Los Angeles,California,90036,West,Furniture,Chairs,1684.752,6,0.2,210.594
9707,Standard Class,Consumer,United States,Los Angeles,California,90045,West,Office Supplies,Art,12.39,3,0.0,5.6994
1730,Standard Class,Corporate,United States,Fayetteville,North Carolina,28314,South,Office Supplies,Paper,96.256,8,0.2,31.2832
2237,Standard Class,Home Office,United States,Provo,Utah,84604,West,Office Supplies,Supplies,44.4,5,0.0,12.432
9904,Standard Class,Consumer,United States,Carrollton,Texas,75007,Central,Technology,Accessories,127.984,2,0.2,25.5968
4632,Second Class,Consumer,United States,San Francisco,California,94122,West,Furniture,Furnishings,123.96,3,0.0,11.1564
9378,Standard Class,Consumer,United States,Chicago,Illinois,60610,Central,Office Supplies,Envelopes,7.072,2,0.2,2.3868
4833,Standard Class,Consumer,United States,Wausau,Wisconsin,54401,Central,Office Supplies,Binders,12.39,3,0.0,5.8233
5254,Second Class,Corporate,United States,Bethlehem,Pennsylvania,18018,East,Furniture,Chairs,99.372,2,0.3,-7.098
8854,First Class,Consumer,United States,Philadelphia,Pennsylvania,19143,East,Technology,Accessories,617.976,3,0.2,-7.7247
9362,Standard Class,Home Office,United States,Seattle,Washington,98105,West,Office Supplies,Fasteners,13.02,7,0.0,0.3906
3612,Standard Class,Home Office,United States,Philadelphia,Pennsylvania,19134,East,Office Supplies,Paper,16.448,2,0.2,5.5512
9598,Standard Class,Home Office,United States,Sacramento,California,95823,West,Furniture,Furnishings,60.84,3,0.0,19.4688
983,Second Class,Consumer,United States,Louisville,Colorado,80027,West,Furniture,Chairs,603.92,5,0.2,75.49
9947,Second Class,Corporate,United States,Indianapolis,Indiana,46203,Central,Furniture,Chairs,1925.88,6,0.0,539.2464
5147,Standard Class,Home Office,United States,Chandler,Arizona,85224,West,Furniture,Furnishings,8.544,4,0.2,1.9224
2676,Standard Class,Consumer,United States,Asheville,North Carolina,28806,South,Office Supplies,Appliances,43.584,1,0.2,4.3584
4808,Standard Class,Corporate,United States,Philadelphia,Pennsylvania,19134,East,Office Supplies,Envelopes,62.808,3,0.2,21.1977
6325,Standard Class,Corporate,United States,San Francisco,California,94109,West,Office Supplies,Envelopes,210.84,4,0.0,103.3116
9943,Standard Class,Consumer,United States,Anaheim,California,92804,West,Office Supplies,Supplies,51.15,5,0.0,13.299
1913,First Class,Consumer,United States,Roswell,Georgia,30076,South,Technology,Accessories,149.95,5,0.0,65.978
7099,Second Class,Consumer,United States,New York City,New York,10009,East,Office Supplies,Paper,212.64,6,0.0,99.9408
6318,Second Class,Corporate,United States,Laguna Niguel,California,92677,West,Technology,Phones,39.96,5,0.2,3.4965
7043,Standard Class,Consumer,United States,Philadelphia,Pennsylvania,19134,East,Furniture,Chairs,198.744,4,0.3,-14.196
6045,Standard Class,Corporate,United States,Tucson,Arizona,85705,West,Furniture,Furnishings,238.152,3,0.2,89.307
3172,Standard Class,Consumer,United States,Chicago,Illinois,60623,Central,Furniture,Chairs,528.43,5,0.3,0.0
6144,Standard Class,Consumer,United States,Omaha,Nebraska,68104,Central,Office Supplies,Paper,20.07,3,0.0,9.2322
5053,Second Class,Consumer,United States,Dallas,Texas,75217,Central,Technology,Accessories,398.4,5,0.2,84.66
8176,First Class,Home Office,United States,New York City,New York,10035,East,Office Supplies,Storage,128.34,6,0.0,37.2186
8839,Second Class,Corporate,United States,Los Angeles,California,90004,West,Office Supplies,Binders,65.568,2,0.2,23.7684
8719,Second Class,Home Office,United States,Houston,Texas,77070,Central,Office Supplies,Paper,15.552,3,0.2,5.6376
6002,Standard Class,Corporate,United States,Phoenix,Arizona,85023,West,Office Supplies,Binders,5.214,2,0.7,-4.1712
9724,Standard Class,Consumer,United States,Bloomington,Illinois,61701,Central,Office Supplies,Envelopes,12.224,2,0.2,4.4312
7637,Standard Class,Corporate,United States,Newark,Delaware,19711,East,Office Supplies,Art,59.52,3,0.0,15.4752
4114,Standard Class,Corporate,United States,Houston,Texas,77095,Central,Technology,Phones,158.376,3,0.2,13.8579
6776,Standard Class,Consumer,United States,San Antonio,Texas,78207,Central,Office Supplies,Storage,93.456,3,0.2,-17.523
492,Standard Class,Consumer,United States,Rochester,New York,14609,East,Office Supplies,Envelopes,11.07,3,0.0,5.0922
5425,First Class,Consumer,United States,Los Angeles,California,90045,West,Technology,Accessories,1649.95,5,0.0,659.98
2601,Same Day,Consumer,United States,New York City,New York,10035,East,Office Supplies,Paper,14.94,3,0.0,7.0218
2379,Standard Class,Home Office,United States,Lorain,Ohio,44052,East,Office Supplies,Fasteners,7.216,2,0.2,1.7138
1279,First Class,Corporate,United States,Macon,Georgia,31204,South,Technology,Accessories,83.88,4,0.0,30.1968
8965,Standard Class,Consumer,United States,Houston,Texas,77070,Central,Office Supplies,Binders,1.248,2,0.8,-1.9344
7672,Second Class,Home Office,United States,Everett,Massachusetts,2149,East,Furniture,Furnishings,38.97,3,0.0,4.6764
4514,Second Class,Consumer,United States,Hampton,Virginia,23666,South,Furniture,Chairs,290.98,1,0.0,75.6548
3551,Second Class,Home Office,United States,Chicago,Illinois,60653,Central,Furniture,Chairs,844.116,6,0.3,-36.1764
3180,Standard Class,Corporate,United States,New York City,New York,10011,East,Office Supplies,Appliances,254.9,5,0.0,68.823
6493,Standard Class,Corporate,United States,Orlando,Florida,32839,South,Technology,Phones,244.768,4,0.2,24.4768
9060,First Class,Corporate,United States,San Diego,California,92024,West,Office Supplies,Binders,89.696,4,0.2,33.636
2165,Standard Class,Consumer,United States,Laredo,Texas,78041,Central,Furniture,Furnishings,139.92,5,0.6,-150.414
7570,Standard Class,Consumer,United States,Los Angeles,California,90045,West,Office Supplies,Fasteners,15.0,3,0.0,7.2
1503,Standard Class,Home Office,United States,Los Angeles,California,90045,West,Furniture,Furnishings,9.94,2,0.0,3.0814
9675,Standard Class,Consumer,United States,Bakersfield,California,93309,West,Furniture,Furnishings,41.6,4,0.0,14.144
7372,Second Class,Consumer,United States,Long Beach,California,90805,West,Office Supplies,Storage,61.02,3,0.0,0.6102
5141,Standard Class,Consumer,United States,New York City,New York,10009,East,Furniture,Chairs,1317.492,6,0.1,292.776
2742,Standard Class,Consumer,United States,San Diego,California,92037,West,Furniture,Furnishings,35.34,2,0.0,13.4292
1309,First Class,Consumer,United States,Pasadena,California,91104,West,Office Supplies,Storage,161.94,3,0.0,9.7164
7972,Standard Class,Corporate,United States,Philadelphia,Pennsylvania,19134,East,Office Supplies,Paper,10.368,2,0.2,3.6288
4979,Second Class,Corporate,United States,Chicago,Illinois,60610,Central,Office Supplies,Supplies,20.568,3,0.2,1.5426
824,Standard Class,Consumer,United States,San Francisco,California,94110,West,Technology,Accessories,67.8,4,0.0,4.068
3853,Standard Class,Home Office,United States,San Francisco,California,94122,West,Furniture,Furnishings,4.95,1,0.0,2.178
2366,Second Class,Consumer,United States,Sacramento,California,95823,West,Furniture,Chairs,120.712,1,0.2,-18.1068
5152,Standard Class,Consumer,United States,New York City,New York,10011,East,Office Supplies,Binders,2.688,1,0.2,0.84
3833,Same Day,Corporate,United States,Columbus,Ohio,43229,East,Technology,Phones,1049.97,5,0.4,-209.994
1679,Standard Class,Corporate,United States,Philadelphia,Pennsylvania,19134,East,Technology,Phones,32.382,3,0.4,4.3176
5880,Standard Class,Corporate,United States,San Diego,California,92105,West,Furniture,Chairs,801.568,2,0.2,50.098
5018,First Class,Consumer,United States,Los Angeles,California,90008,West,Technology,Accessories,772.47,3,0.0,146.7693
7976,Standard Class,Corporate,United States,Philadelphia,Pennsylvania,19134,East,Office Supplies,Paper,10.272,3,0.2,3.21
878,Standard Class,Home Office,United States,Philadelphia,Pennsylvania,19120,East,Office Supplies,Binders,5.892,4,0.7,-4.1244
2710,Standard Class,Consumer,United States,Jacksonville,Florida,32216,South,Office Supplies,Binders,12.828,2,0.7,-8.9796
3839,Standard Class,Consumer,United States,North Las Vegas,Nevada,89031,West,Furniture,Furnishings,134.01,9,0.0,36.1827
7580,Second Class,Consumer,United States,Morristown,New Jersey,7960,East,Office Supplies,Art,17.94,3,0.0,4.485
3877,Standard Class,Consumer,United States,Tampa,Florida,33614,South,Office Supplies,Binders,38.19,5,0.7,-26.733
1680,Standard Class,Corporate,United States,Philadelphia,Pennsylvania,19134,East,Furniture,Furnishings,42.368,2,0.2,8.4736
4894,Standard Class,Corporate,United States,Seattle,Washington,98103,West,Office Supplies,Paper,47.9,1,0.0,22.992
4814,First Class,Consumer,United States,Los Angeles,California,90004,West,Office Supplies,Paper,17.94,3,0.0,8.073
1072,Standard Class,Consumer,United States,New York City,New York,10035,East,Office Supplies,Binders,8.64,2,0.2,3.024
2194,Standard Class,Consumer,United States,Seattle,Washington,98105,West,Office Supplies,Appliances,35.1,3,0.0,12.285
7650,Standard Class,Corporate,United States,Marion,Ohio,43302,East,Office Supplies,Envelopes,19.872,3,0.2,6.7068
3654,Standard Class,Consumer,United States,Lawrence,Indiana,46226,Central,Office Supplies,Appliances,638.73,9,0.0,166.0698
5570,Same Day,Home Office,United States,Chicago,Illinois,60610,Central,Technology,Phones,34.36,1,0.2,-7.3015
5821,Standard Class,Corporate,United States,San Francisco,California,94122,West,Office Supplies,Appliances,7.77,1,0.0,2.0979
3746,Second Class,Consumer,United States,Columbus,Georgia,31907,South,Furniture,Chairs,368.97,3,0.0,81.1734
8389,First Class,Home Office,United States,Akron,Ohio,44312,East,Office Supplies,Fasteners,17.184,6,0.2,6.2292
3722,Standard Class,Consumer,United States,Houston,Texas,77070,Central,Office Supplies,Art,35.712,8,0.2,2.232
8658,Standard Class,Corporate,United States,Chicago,Illinois,60623,Central,Office Supplies,Binders,0.836,1,0.8,-1.3376
5134,Standard Class,Home Office,United States,New York City,New York,10009,East,Office Supplies,Binders,93.344,4,0.2,32.6704
5055,Second Class,Consumer,United States,Dallas,Texas,75217,Central,Furniture,Bookcases,1352.3976,9,0.32,-437.5404
8437,Standard Class,Consumer,United States,Cleveland,Ohio,44105,East,Technology,Accessories,25.488,2,0.2,4.4604
7818,Second Class,Home Office,United States,North Las Vegas,Nevada,89031,West,Office Supplies,Binders,4535.976,3,0.2,1644.2913
765,Second Class,Corporate,United States,Bossier City,Louisiana,71111,South,Technology,Accessories,646.74,6,0.0,258.696
7107,Standard Class,Consumer,United States,New York City,New York,10035,East,Technology,Phones,25.98,2,0.0,0.7794
8240,Same Day,Consumer,United States,Jacksonville,Florida,32216,South,Furniture,Furnishings,43.936,4,0.2,6.0412
5510,Standard Class,Consumer,United States,Chicago,Illinois,60653,Central,Technology,Phones,11.12,2,0.2,3.475
2052,First Class,Consumer,United States,Philadelphia,Pennsylvania,19134,East,Office Supplies,Art,11.12,5,0.2,0.834
2636,Standard Class,Corporate,United States,Los Angeles,California,90045,West,Office Supplies,Storage,323.1,2,0.0,61.389
3524,Standard Class,Consumer,United States,Dallas,Texas,75081,Central,Technology,Phones,657.552,6,0.2,49.3164
1065,Standard Class,Corporate,United States,Toledo,Ohio,43615,East,Office Supplies,Fasteners,1.448,1,0.2,0.2353
8369,Standard Class,Consumer,United States,Los Angeles,California,90049,West,Furniture,Tables,902.712,3,0.2,33.8517
4283,First Class,Consumer,United States,Indianapolis,Indiana,46203,Central,Office Supplies,Binders,1103.97,3,0.0,496.7865
453,Standard Class,Corporate,United States,Akron,Ohio,44312,East,Furniture,Tables,284.364,2,0.4,-75.8304
4129,Standard Class,Consumer,United States,Seattle,Washington,98103,West,Office Supplies,Appliances,73.28,4,0.0,21.2512
1820,Standard Class,Corporate,United States,Chicago,Illinois,60623,Central,Office Supplies,Appliances,92.064,6,0.8,-225.5568
2799,Standard Class,Consumer,United States,Little Rock,Arkansas,72209,South,Office Supplies,Binders,145.85,5,0.0,70.008
4369,Standard Class,Home Office,United States,Lawrence,Indiana,46226,Central,Office Supplies,Binders,104.9,5,0.0,50.352
2949,Same Day,Home Office,United States,Glendale,Arizona,85301,West,Technology,Accessories,41.6,4,0.2,13.0
3527,Second Class,Home Office,United States,Jackson,Mississippi,39212,South,Office Supplies,Binders,45.84,8,0.0,22.0032
8333,First Class,Consumer,United States,Andover,Massachusetts,1810,East,Office Supplies,Paper,17.94,3,0.0,8.7906
3634,Standard Class,Home Office,United States,Springfield,Ohio,45503,East,Technology,Phones,41.958,7,0.4,-9.7902
2486,Second Class,Corporate,United States,Newark,Delaware,19711,East,Office Supplies,Storage,85.52,2,0.0,22.2352
1832,Standard Class,Corporate,United States,Monroe,North Carolina,28110,South,Furniture,Chairs,207.0,3,0.2,25.875
3562,Second Class,Consumer,United States,Akron,Ohio,44312,East,Office Supplies,Binders,4.368,2,0.7,-3.0576
2995,Standard Class,Consumer,United States,Phoenix,Arizona,85023,West,Office Supplies,Storage,55.92,5,0.2,6.291
1366,First Class,Corporate,United States,Tucson,Arizona,85705,West,Technology,Phones,201.584,2,0.2,15.1188
4689,First Class,Consumer,United States,Tucson,Arizona,85705,West,Furniture,Furnishings,51.968,2,0.2,10.3936
5706,Second Class,Corporate,United States,New York City,New York,10009,East,Office Supplies,Binders,40.176,3,0.2,14.5638
8213,Standard Class,Corporate,United States,Murfreesboro,Tennessee,37130,South,Office Supplies,Binders,6.336,4,0.7,-4.6464
7969,First Class,Corporate,United States,Denver,Colorado,80219,West,Furniture,Chairs,120.784,1,0.2,13.5882
1580,First Class,Consumer,United States,New York City,New York,10024,East,Furniture,Tables,382.806,9,0.4,-153.1224
4259,Second Class,Corporate,United States,New York City,New York,10035,East,Office Supplies,Envelopes,47.98,2,0.0,23.99
8451,First Class,Consumer,United States,San Francisco,California,94122,West,Technology,Phones,1679.96,5,0.2,125.997
5386,Standard Class,Consumer,United States,Rogers,Arkansas,72756,South,Office Supplies,Binders,40.41,9,0.0,18.5886
6221,Second Class,Consumer,United States,Los Angeles,California,90045,West,Office Supplies,Labels,56.7,9,0.0,26.082
2202,Standard Class,Home Office,United States,Seattle,Washington,98103,West,Office Supplies,Binders,6.096,2,0.2,2.1336
8375,Standard Class,Home Office,United States,San Francisco,California,94110,West,Office Supplies,Binders,56.16,6,0.2,17.55
2604,Same Day,Consumer,United States,New York City,New York,10035,East,Furniture,Furnishings,61.12,4,0.0,20.7808
218,Standard Class,Consumer,United States,Los Angeles,California,90032,West,Technology,Phones,302.376,3,0.2,22.6782
4649,Standard Class,Corporate,United States,Seattle,Washington,98103,West,Office Supplies,Supplies,64.4,5,0.0,1.932
4222,Second Class,Consumer,United States,Seattle,Washington,98103,West,Office Supplies,Storage,102.96,2,0.0,1.0296
3071,Standard Class,Corporate,United States,Newark,Delaware,19711,East,Furniture,Furnishings,124.41,3,0.0,14.9292
9446,Standard Class,Consumer,United States,Lawrence,Indiana,46226,Central,Office Supplies,Paper,35.88,6,0.0,16.146
2939,Standard Class,Consumer,United States,Seattle,Washington,98105,West,Office Supplies,Binders,59.808,3,0.2,19.4376
1737,Standard Class,Corporate,United States,San Francisco,California,94122,West,Office Supplies,Storage,31.44,3,0.0,8.4888
1464,First Class,Corporate,United States,New York City,New York,10009,East,Office Supplies,Fasteners,3.68,2,0.0,1.8032
4265,Standard Class,Consumer,United States,Houston,Texas,77036,Central,Office Supplies,Binders,3.564,3,0.8,-6.237
845,First Class,Corporate,United States,Los Angeles,California,90036,West,Office Supplies,Labels,14.62,2,0.0,6.8714
9259,Second Class,Consumer,United States,Columbia,Missouri,65203,Central,Office Supplies,Storage,64.96,2,0.0,2.5984
9662,Standard Class,Home Office,United States,Santa Barbara,California,93101,West,Technology,Phones,477.6,3,0.2,161.19
2003,Second Class,Consumer,United States,Louisville,Kentucky,40214,South,Furniture,Chairs,304.45,5,0.0,76.1125
1615,Standard Class,Home Office,United States,Eagan,Minnesota,55122,Central,Office Supplies,Labels,3.75,1,0.0,1.8
2412,Standard Class,Consumer,United States,Los Angeles,California,90045,West,Office Supplies,Paper,11.96,2,0.0,5.8604
9572,Same Day,Consumer,United States,Columbus,Ohio,43229,East,Office Supplies,Labels,24.424,1,0.2,7.9378
7928,Second Class,Corporate,United States,New York City,New York,10035,East,Furniture,Furnishings,50.97,3,0.0,9.1746
310,Second Class,Corporate,United States,Arvada,Colorado,80004,West,Furniture,Chairs,466.768,2,0.2,52.5114
9345,First Class,Home Office,United States,Troy,Ohio,45373,East,Technology,Phones,57.594,1,0.4,-11.5188
9651,Standard Class,Consumer,United States,Los Angeles,California,90045,West,Office Supplies,Appliances,64.96,2,0.0,19.488
8232,Standard Class,Consumer,United States,San Jose,California,95123,West,Office Supplies,Storage,169.45,5,0.0,42.3625
1787,Standard Class,Corporate,United States,Kenosha,Wisconsin,53142,Central,Technology,Phones,134.97,3,0.0,64.7856
7982,First Class,Consumer,United States,Clifton,New Jersey,7011,East,Furniture,Furnishings,254.9,5,0.0,76.47
2988,Second Class,Corporate,United States,Los Angeles,California,90032,West,Technology,Accessories,12.99,1,0.0,0.7794
1307,First Class,Consumer,United States,Pasadena,California,91104,West,Office Supplies,Binders,17.712,3,0.2,6.4206
1533,Standard Class,Corporate,United States,New York City,New York,10035,East,Office Supplies,Storage,212.88,6,0.0,0.0
1600,Second Class,Consumer,United States,Carrollton,Texas,75007,Central,Furniture,Furnishings,15.992,2,0.6,-13.993
3533,Standard Class,Consumer,United States,Los Angeles,California,90049,West,Office Supplies,Art,13.12,4,0.0,3.8048
4585,Second Class,Home Office,United States,Danville,California,94526,West,Office Supplies,Art,8.8,5,0.0,4.224
7752,Standard Class,Consumer,United States,Arlington,Virginia,22204,South,Office Supplies,Binders,33.02,2,0.0,15.8496
8408,Standard Class,Corporate,United States,Newark,Delaware,19711,East,Office Supplies,Art,174.95,5,0.0,45.487
6131,Standard Class,Home Office,United States,New York City,New York,10011,East,Furniture,Chairs,767.214,14,0.1,161.9674
5802,First Class,Consumer,United States,Thousand Oaks,California,91360,West,Technology,Phones,15.984,2,0.2,1.1988
8661,Standard Class,Consumer,United States,Houston,Texas,77041,Central,Furniture,Furnishings,21.968,4,0.6,-15.9268
3678,Standard Class,Consumer,United States,Clinton,Maryland,20735,East,Technology,Machines,464.97,3,0.0,209.2365
4545,Second Class,Consumer,United States,Chicago,Illinois,60610,Central,Technology,Phones,537.544,7,0.2,53.7544
7113,Standard Class,Consumer,United States,New York City,New York,10035,East,Office Supplies,Binders,9.28,2,0.2,3.248
8941,First Class,Consumer,United States,Portland,Oregon,97206,West,Office Supplies,Binders,4.158,7,0.7,-3.465
7492,Standard Class,Consumer,United States,Houston,Texas,77070,Central,Office Supplies,Paper,10.272,3,0.2,3.21
8657,Same Day,Consumer,United States,Seattle,Washington,98103,West,Office Supplies,Appliances,22.66,2,0.0,9.7438
6465,Standard Class,Consumer,United States,Lebanon,Tennessee,37087,South,Office Supplies,Storage,84.96,6,0.2,6.372
2541,Standard Class,Corporate,United States,Scottsdale,Arizona,85254,West,Furniture,Furnishings,111.888,7,0.2,22.3776
7898,Standard Class,Consumer,United States,Memphis,Tennessee,38109,South,Office Supplies,Binders,1614.582,6,0.7,-1237.8462
6891,Standard Class,Corporate,United States,Columbus,Georgia,31907,South,Office Supplies,Art,113.94,3,0.0,34.182
5220,Standard Class,Home Office,United States,Detroit,Michigan,48234,Central,Furniture,Bookcases,212.94,3,0.0,57.4938
8879,First Class,Corporate,United States,Los Angeles,California,90008,West,Office Supplies,Paper,192.72,11,0.0,92.5056
2823,First Class,Consumer,United States,Arlington,Texas,76017,Central,Office Supplies,Storage,47.584,2,0.2,-2.974
7727,Second Class,Home Office,United States,New York City,New York,10009,East,Office Supplies,Art,17.52,3,0.0,6.3072
1019,Standard Class,Corporate,United States,New York City,New York,10011,East,Office Supplies,Storage,601.65,5,0.0,156.429
450,Second Class,Consumer,United States,Auburn,New York,13021,East,Office Supplies,Art,30.48,3,0.0,7.9248
6245,Standard Class,Home Office,United States,Seattle,Washington,98105,West,Furniture,Furnishings,22.14,3,0.0,6.4206
2399,Standard Class,Corporate,United States,Florence,South Carolina,29501,South,Office Supplies,Storage,628.81,7,0.0,12.5762
2757,Second Class,Consumer,United States,New York City,New York,10035,East,Technology,Accessories,239.97,3,0.0,71.991
3765,Standard Class,Corporate,United States,Houston,Texas,77036,Central,Furniture,Tables,99.372,2,0.3,-1.4196
9461,Standard Class,Home Office,United States,Lakewood,California,90712,West,Technology,Phones,321.552,6,0.2,20.097
4432,Second Class,Consumer,United States,Henderson,Kentucky,42420,South,Furniture,Furnishings,24.1,5,0.0,9.158
5471,Standard Class,Consumer,United States,Parker,Colorado,80134,West,Furniture,Furnishings,13.36,5,0.2,4.008
4112,Standard Class,Corporate,United States,Detroit,Michigan,48227,Central,Office Supplies,Art,3.28,1,0.0,0.9512
2344,Standard Class,Home Office,United States,Milwaukee,Wisconsin,53209,Central,Office Supplies,Appliances,490.32,9,0.0,137.2896
9413,First Class,Corporate,United States,Houston,Texas,77041,Central,Office Supplies,Binders,6.816,2,0.8,-11.5872
916,Standard Class,Corporate,United States,San Antonio,Texas,78207,Central,Furniture,Chairs,797.944,4,0.3,-56.996
4280,Standard Class,Home Office,United States,New York City,New York,10011,East,Office Supplies,Paper,11.36,2,0.0,5.2256
6230,Standard Class,Consumer,United States,Waterloo,Iowa,50701,Central,Office Supplies,Art,30.32,4,0.0,11.8248
9351,Standard Class,Corporate,United States,Seattle,Washington,98115,West,Furniture,Chairs,184.752,3,0.2,-20.7846
8987,Standard Class,Consumer,United States,Jacksonville,North Carolina,28540,South,Technology,Phones,105.584,2,0.2,9.2386
928,Standard Class,Home Office,United States,Springfield,Virginia,22153,South,Office Supplies,Appliances,28.84,2,0.0,9.5172
2487,Second Class,Corporate,United States,Newark,Delaware,19711,East,Office Supplies,Art,9.84,3,0.0,2.6568
509,Standard Class,Consumer,United States,Atlanta,Georgia,30318,South,Office Supplies,Binders,6354.95,5,0.0,3177.475
2697,Standard Class,Home Office,United States,Jacksonville,Florida,32216,South,Technology,Machines,22638.48,6,0.5,-1811.0784
7555,Second Class,Consumer,United States,Philadelphia,Pennsylvania,19134,East,Office Supplies,Art,22.32,5,0.2,5.301
3041,Same Day,Home Office,United States,Long Beach,California,90805,West,Office Supplies,Paper,12.96,2,0.0,6.2208
7166,Second Class,Consumer,United States,San Francisco,California,94122,West,Office Supplies,Art,11.52,4,0.0,3.2256
6908,Standard Class,Corporate,United States,North Charleston,South Carolina,29406,South,Furniture,Furnishings,14.76,2,0.0,4.2804
8393,Second Class,Consumer,United States,Franklin,Massachusetts,2038,East,Furniture,Furnishings,111.15,5,0.0,48.906
8681,Second Class,Corporate,United States,Richmond,Virginia,23223,South,Office Supplies,Supplies,40.7,5,0.0,11.803
8168,Standard Class,Home Office,United States,Seattle,Washington,98105,West,Furniture,Tables,2036.86,7,0.0,366.6348
887,Standard Class,Home Office,United States,Columbia,Maryland,21044,East,Office Supplies,Binders,37.66,7,0.0,18.4534
7878,Second Class,Home Office,United States,Aurora,Illinois,60505,Central,Furniture,Furnishings,242.176,4,0.6,-302.72
3961,Standard Class,Corporate,United States,Detroit,Michigan,48227,Central,Technology,Phones,149.95,5,0.0,44.985
6264,Same Day,Consumer,United States,Tulsa,Oklahoma,74133,Central,Office Supplies,Binders,28.85,5,0.0,14.425
3646,Second Class,Home Office,United States,Los Angeles,California,90045,West,Office Supplies,Paper,6.48,1,0.0,3.1752
9874,Second Class,Home Office,United States,Parma,Ohio,44134,East,Office Supplies,Envelopes,63.968,2,0.2,19.99
5779,Standard Class,Consumer,United States,Los Angeles,California,90008,West,Furniture,Chairs,112.648,1,0.2,11.2648
8482,Standard Class,Corporate,United States,New York City,New York,10024,East,Office Supplies,Labels,20.7,2,0.0,9.936
698,First Class,Home Office,United States,Chester,Pennsylvania,19013,East,Office Supplies,Art,2.696,1,0.2,0.8088
3735,Second Class,Consumer,United States,New York City,New York,10011,East,Furniture,Furnishings,71.97,3,0.0,16.5531
2521,Standard Class,Home Office,United States,Oklahoma City,Oklahoma,73120,Central,Office Supplies,Paper,12.96,2,0.0,6.2208
8545,Standard Class,Corporate,United States,Columbus,Georgia,31907,South,Furniture,Furnishings,39.92,4,0.0,11.1776
3399,Standard Class,Corporate,United States,Richmond,Kentucky,40475,South,Office Supplies,Paper,629.1,6,0.0,301.968
3016,Standard Class,Home Office,United States,Pharr,Texas,78577,Central,Office Supplies,Storage,727.296,8,0.2,-172.7328
5626,Second Class,Home Office,United States,Seattle,Washington,98115,West,Furniture,Tables,2348.82,9,0.0,399.2994
4079,First Class,Consumer,United States,Jacksonville,North Carolina,28540,South,Technology,Phones,47.976,3,0.2,4.7976
4381,Standard Class,Consumer,United States,San Francisco,California,94110,West,Furniture,Tables,253.176,3,0.2,-31.647
6453,Standard Class,Consumer,United States,Houston,Texas,77036,Central,Office Supplies,Art,3.44,2,0.2,0.559
5662,Standard Class,Home Office,United States,Aurora,Colorado,80013,West,Office Supplies,Storage,511.056,9,0.2,-95.823
2570,Same Day,Corporate,United States,Newark,Ohio,43055,East,Office Supplies,Art,13.248,4,0.2,3.6432
1181,Standard Class,Consumer,United States,Lakewood,New Jersey,8701,East,Office Supplies,Art,3.76,2,0.0,1.0904
48,Standard Class,Consumer,United States,Dover,Delaware,19901,East,Technology,Phones,21.8,2,0.0,6.104
6283,Standard Class,Corporate,United States,Los Angeles,California,90049,West,Office Supplies,Envelopes,304.9,5,0.0,143.303
4838,First Class,Consumer,United States,Dublin,Ohio,43017,East,Office Supplies,Paper,27.744,6,0.2,10.0572
737,Standard Class,Home Office,United States,Seattle,Washington,98115,West,Office Supplies,Binders,18.72,5,0.2,6.552
2717,Standard Class,Consumer,United States,New York City,New York,10024,East,Technology,Phones,377.97,3,0.0,109.6113
4586,Second Class,Home Office,United States,Danville,California,94526,West,Office Supplies,Binders,590.352,6,0.2,206.6232
3618,Standard Class,Consumer,United States,Los Angeles,California,90004,West,Technology,Phones,5.56,1,0.2,1.7375
2378,Standard Class,Home Office,United States,Thousand Oaks,California,91360,West,Office Supplies,Paper,32.75,5,0.0,15.065
1076,First Class,Home Office,United States,Columbus,Indiana,47201,Central,Office Supplies,Art,40.88,7,0.0,10.6288
6769,Standard Class,Home Office,United States,Columbus,Georgia,31907,South,Office Supplies,Art,35.4,5,0.0,13.452
9886,Standard Class,Consumer,United States,Lafayette,Indiana,47905,Central,Office Supplies,Fasteners,5.94,3,0.0,0.0
6731,First Class,Corporate,United States,Smyrna,Tennessee,37167,South,Office Supplies,Paper,20.736,4,0.2,7.2576
8047,Second Class,Consumer,United States,Wilmington,North Carolina,28403,South,Office Supplies,Paper,16.272,3,0.2,5.2884
99,Standard Class,Home Office,United States,Chicago,Illinois,60610,Central,Office Supplies,Paper,64.624,7,0.2,22.6184
9581,First Class,Home Office,United States,New York City,New York,10035,East,Furniture,Chairs,589.41,5,0.1,-6.549
87,Standard Class,Consumer,United States,Rochester,Minnesota,55901,Central,Office Supplies,Labels,6.16,2,0.0,2.9568
8224,Standard Class,Corporate,United States,Pasadena,California,91104,West,Office Supplies,Paper,12.96,2,0.0,6.2208
4598,Standard Class,Home Office,United States,Milwaukee,Wisconsin,53209,Central,Office Supplies,Appliances,91.6,5,0.0,26.564
5051,Standard Class,Corporate,United States,Philadelphia,Pennsylvania,19140,East,Office Supplies,Envelopes,24.4,2,0.2,7.93
1398,First Class,Consumer,United States,New York City,New York,10035,East,Technology,Accessories,88.4,4,0.0,11.492
4592,Standard Class,Corporate,United States,Los Angeles,California,90004,West,Furniture,Chairs,146.352,3,0.2,-5.4882
1410,Standard Class,Home Office,United States,Grand Prairie,Texas,75051,Central,Office Supplies,Labels,23.68,2,0.2,8.88
4136,Standard Class,Home Office,United States,Los Angeles,California,90036,West,Office Supplies,Storage,1575.14,7,0.0,204.7682
5169,Standard Class,Consumer,United States,Midland,Michigan,48640,Central,Office Supplies,Storage,535.41,3,0.0,160.623
2374,Second Class,Corporate,United States,Aurora,Illinois,60505,Central,Furniture,Chairs,253.372,2,0.3,-14.4784
4248,Second Class,Consumer,United States,Fairfield,Connecticut,6824,East,Office Supplies,Binders,88.08,6,0.0,40.5168
6599,Standard Class,Corporate,United States,Clinton,Maryland,20735,East,Furniture,Furnishings,60.72,3,0.0,23.6808
5767,Second Class,Corporate,United States,Houston,Texas,77070,Central,Technology,Accessories,85.2,6,0.2,20.235
7518,Second Class,Consumer,United States,Richmond,Kentucky,40475,South,Office Supplies,Storage,15.14,1,0.0,0.6056
3029,Standard Class,Corporate,United States,Gresham,Oregon,97030,West,Technology,Phones,403.168,4,0.2,25.198
9193,Standard Class,Corporate,United States,San Antonio,Texas,78207,Central,Technology,Phones,344.704,2,0.2,38.7792
6846,Standard Class,Corporate,United States,Los Angeles,California,90036,West,Office Supplies,Paper,32.04,4,0.0,14.418
8059,Standard Class,Consumer,United States,Los Angeles,California,90049,West,Furniture,Furnishings,4.16,2,0.0,1.7472
2101,Standard Class,Consumer,United States,Denver,Colorado,80219,West,Office Supplies,Art,83.168,4,0.2,9.3564
9654,Standard Class,Home Office,United States,Tucson,Arizona,85705,West,Office Supplies,Binders,4.938,2,0.7,-3.6212
1647,First Class,Home Office,United States,Philadelphia,Pennsylvania,19140,East,Office Supplies,Fasteners,3.168,2,0.2,-0.7128
1205,First Class,Consumer,United States,Charlotte,North Carolina,28205,South,Technology,Phones,271.96,5,0.2,16.9975
3739,Standard Class,Consumer,United States,Jackson,Michigan,49201,Central,Technology,Accessories,59.98,2,0.0,25.1916
672,Standard Class,Consumer,United States,Quincy,Illinois,62301,Central,Office Supplies,Art,19.56,5,0.2,1.7115
3372,Standard Class,Consumer,United States,San Francisco,California,94122,West,Office Supplies,Appliances,160.96,2,0.0,48.288
5734,First Class,Corporate,United States,Milford,Connecticut,6460,East,Furniture,Furnishings,25.16,2,0.0,8.5544
9108,First Class,Corporate,United States,Haltom City,Texas,76117,Central,Office Supplies,Paper,32.368,7,0.2,11.7334
8722,Second Class,Home Office,United States,Houston,Texas,77070,Central,Office Supplies,Binders,1.524,2,0.8,-2.667
2151,Second Class,Consumer,United States,Saint Louis,Missouri,63116,Central,Technology,Accessories,111.79,7,0.0,43.5981
1690,Standard Class,Consumer,United States,Indianapolis,Indiana,46203,Central,Office Supplies,Paper,33.45,5,0.0,15.387
3941,Standard Class,Consumer,United States,New York City,New York,10024,East,Office Supplies,Binders,3.048,1,0.2,1.0287
7248,Standard Class,Corporate,United States,Columbus,Ohio,43229,East,Office Supplies,Storage,44.672,8,0.2,-10.0512
1909,Standard Class,Consumer,United States,Oceanside,New York,11572,East,Furniture,Furnishings,18.96,2,0.0,8.532
2475,First Class,Consumer,United States,Los Angeles,California,90032,West,Office Supplies,Labels,87.71,7,0.0,41.2237
8712,Standard Class,Consumer,United States,San Francisco,California,94110,West,Furniture,Bookcases,359.499,3,0.15,-29.6058
2923,Standard Class,Corporate,United States,Detroit,Michigan,48234,Central,Office Supplies,Fasteners,6.08,1,0.0,3.04
5345,Second Class,Consumer,United States,Los Angeles,California,90045,West,Office Supplies,Storage,725.84,4,0.0,210.4936
164,Standard Class,Consumer,United States,San Antonio,Texas,78207,Central,Office Supplies,Art,9.936,3,0.2,2.7324
391,Second Class,Consumer,United States,Des Moines,Washington,98198,West,Technology,Phones,246.384,2,0.2,27.7182
8728,Standard Class,Corporate,United States,Murfreesboro,Tennessee,37130,South,Furniture,Bookcases,131.104,2,0.2,8.194
6573,Standard Class,Corporate,United States,Plainfield,New Jersey,7060,East,Office Supplies,Storage,563.4,4,0.0,67.608
1245,Second Class,Consumer,United States,Fresno,California,93727,West,Furniture,Tables,764.688,6,0.2,95.586
1864,Standard Class,Corporate,United States,Aurora,Colorado,80013,West,Furniture,Furnishings,24.96,3,0.2,4.368
2310,First Class,Home Office,United States,Peoria,Arizona,85345,West,Office Supplies,Art,88.04,5,0.2,6.603
4131,Standard Class,Consumer,United States,Hollywood,Florida,33021,South,Office Supplies,Paper,11.952,3,0.2,4.0338
9425,Second Class,Consumer,United States,New York City,New York,10035,East,Furniture,Chairs,3785.292,6,0.1,420.588
8836,Standard Class,Home Office,United States,Sandy Springs,Georgia,30328,South,Office Supplies,Art,12.72,3,0.0,4.9608
7864,Second Class,Consumer,United States,Mesa,Arizona,85204,West,Office Supplies,Paper,18.496,4,0.2,6.7048
2678,Same Day,Consumer,United States,Pueblo,Colorado,81001,West,Office Supplies,Binders,25.164,2,0.7,-16.776
6251,First Class,Consumer,United States,Chicago,Illinois,60623,Central,Office Supplies,Appliances,2.394,1,0.8,-6.3441
2109,Same Day,Consumer,United States,Redlands,California,92374,West,Office Supplies,Art,5.04,3,0.0,1.26
1880,Same Day,Consumer,United States,New York City,New York,10011,East,Office Supplies,Envelopes,29.34,3,0.0,14.67
5803,Standard Class,Home Office,United States,Springfield,Ohio,45503,East,Office Supplies,Art,10.272,3,0.2,1.1556
5451,Standard Class,Home Office,United States,Olathe,Kansas,66062,Central,Furniture,Furnishings,40.56,2,0.0,12.9792
8164,Standard Class,Consumer,United States,San Diego,California,92105,West,Office Supplies,Binders,117.488,7,0.2,41.1208
8786,Standard Class,Corporate,United States,Phoenix,Arizona,85023,West,Office Supplies,Paper,15.552,3,0.2,5.4432
3652,Second Class,Consumer,United States,Detroit,Michigan,48234,Central,Office Supplies,Binders,33.72,4,0.0,15.5112
1537,Second Class,Consumer,United States,Everett,Massachusetts,2149,East,Technology,Phones,39.99,1,0.0,11.5971
735,Standard Class,Home Office,United States,Seattle,Washington,98115,West,Office Supplies,Binders,27.936,4,0.2,9.4284
2490,Second Class,Consumer,United States,New York City,New York,10024,East,Office Supplies,Paper,23.92,4,0.0,10.764
1638,Standard Class,Consumer,United States,Washington,District of Columbia,20016,East,Office Supplies,Paper,19.44,3,0.0,9.3312
7627,Second Class,Corporate,United States,Phoenix,Arizona,85023,West,Technology,Accessories,23.344,2,0.2,-1.459
633,Second Class,Consumer,United States,Miami,Florida,33180,South,Technology,Accessories,17.88,3,0.2,2.4585
9923,First Class,Corporate,United States,New York City,New York,10035,East,Office Supplies,Binders,49.848,3,0.2,16.8237
6533,Standard Class,Consumer,United States,Rochester,Minnesota,55901,Central,Technology,Accessories,399.95,5,0.0,143.982
7746,Standard Class,Home Office,United States,Chicago,Illinois,60610,Central,Technology,Accessories,25.488,2,0.2,4.779
5629,Second Class,Home Office,United States,Philadelphia,Pennsylvania,19143,East,Furniture,Tables,815.292,9,0.4,-339.705
1217,Standard Class,Corporate,United States,Philadelphia,Pennsylvania,19134,East,Furniture,Furnishings,17.024,2,0.2,1.7024
8201,Same Day,Corporate,United States,New York City,New York,10024,East,Office Supplies,Storage,67.15,5,0.0,16.7875
5496,Standard Class,Consumer,United States,Marion,Ohio,43302,East,Technology,Accessories,63.92,2,0.2,19.176
4975,Second Class,Corporate,United States,Jacksonville,Florida,32216,South,Technology,Accessories,717.12,9,0.2,152.388
1829,Standard Class,Consumer,United States,Cleveland,Ohio,44105,East,Technology,Phones,779.796,2,0.4,-168.9558
712,Standard Class,Corporate,United States,Mount Vernon,New York,10550,East,Office Supplies,Appliances,281.34,6,0.0,109.7226
6565,Standard Class,Consumer,United States,Lawrence,Massachusetts,1841,East,Furniture,Chairs,872.32,4,0.0,244.2496
4680,Standard Class,Consumer,United States,Logan,Utah,84321,West,Office Supplies,Binders,62.048,2,0.2,20.1656
496,Standard Class,Consumer,United States,Costa Mesa,California,92627,West,Office Supplies,Binders,119.616,8,0.2,40.3704
6279,Second Class,Consumer,United States,Seattle,Washington,98105,West,Office Supplies,Binders,12.816,3,0.2,4.1652
3539,Same Day,Corporate,United States,Henderson,Kentucky,42420,South,Office Supplies,Labels,20.65,5,0.0,9.499
1568,Same Day,Consumer,United States,Los Angeles,California,90004,West,Office Supplies,Paper,122.97,3,0.0,60.2553
2009,Standard Class,Consumer,United States,Johnson City,Tennessee,37604,South,Office Supplies,Appliances,333.056,2,0.2,29.1424
390,Standard Class,Consumer,United States,New York City,New York,10009,East,Technology,Accessories,39.98,2,0.0,13.5932
2059,Standard Class,Corporate,United States,Los Angeles,California,90049,West,Office Supplies,Fasteners,11.34,3,0.0,5.2164
5461,Standard Class,Consumer,United States,Los Angeles,California,90032,West,Furniture,Furnishings,9.24,3,0.0,4.4352
4198,Standard Class,Consumer,United States,Philadelphia,Pennsylvania,19134,East,Office Supplies,Binders,18.192,4,0.7,-14.5536
9145,Standard Class,Consumer,United States,Naperville,Illinois,60540,Central,Office Supplies,Binders,2.808,3,0.8,-4.4928
1310,First Class,Consumer,United States,Pasadena,California,91104,West,Furniture,Chairs,161.568,2,0.2,-8.0784
6654,Standard Class,Home Office,United States,Gilbert,Arizona,85234,West,Technology,Phones,333.576,3,0.2,25.0182
3059,Second Class,Corporate,United States,San Francisco,California,94110,West,Furniture,Tables,24.368,2,0.2,-3.3506
8614,Standard Class,Consumer,United States,Edmonds,Washington,98026,West,Office Supplies,Labels,7.38,2,0.0,3.4686
7629,First Class,Home Office,United States,Brownsville,Texas,78521,Central,Office Supplies,Envelopes,335.72,5,0.2,113.3055
3557,Standard Class,Consumer,United States,Los Angeles,California,90008,West,Office Supplies,Binders,10.128,2,0.2,3.6714
533,Second Class,Consumer,United States,Montgomery,Alabama,36116,South,Technology,Phones,979.95,5,0.0,274.386
9034,Standard Class,Consumer,United States,Quincy,Illinois,62301,Central,Office Supplies,Binders,2.992,4,0.8,-4.488
7973,Standard Class,Corporate,United States,Philadelphia,Pennsylvania,19134,East,Office Supplies,Binders,2.724,2,0.7,-1.9068
5665,Same Day,Corporate,United States,Newark,Ohio,43055,East,Office Supplies,Storage,66.688,1,0.2,4.168
3376,Standard Class,Consumer,United States,Hempstead,New York,11550,East,Furniture,Chairs,361.764,2,0.1,68.3332
7968,First Class,Corporate,United States,Denver,Colorado,80219,West,Technology,Phones,15.992,1,0.2,-2.9985
2929,Standard Class,Home Office,United States,Saginaw,Michigan,48601,Central,Furniture,Furnishings,19.76,4,0.0,8.2992
6286,Standard Class,Home Office,United States,Lebanon,Tennessee,37087,South,Technology,Phones,239.976,3,0.2,17.9982
1666,Second Class,Consumer,United States,Dallas,Texas,75217,Central,Technology,Accessories,94.992,2,0.2,-2.3748
2899,Standard Class,Consumer,United States,New York City,New York,10035,East,Technology,Copiers,479.984,2,0.2,59.998
4718,First Class,Corporate,United States,San Francisco,California,94109,West,Office Supplies,Paper,45.36,7,0.0,21.7728
558,Standard Class,Consumer,United States,Los Angeles,California,90045,West,Office Supplies,Paper,32.4,5,0.0,15.552
1791,First Class,Consumer,United States,Madison,Wisconsin,53711,Central,Furniture,Chairs,2807.84,8,0.0,673.8816
5389,Second Class,Corporate,United States,Los Angeles,California,90045,West,Office Supplies,Labels,9.82,2,0.0,4.8118
3010,Standard Class,Home Office,United States,Louisville,Colorado,80027,West,Office Supplies,Binders,12.03,5,0.7,-9.223
780,First Class,Home Office,United States,San Francisco,California,94110,West,Office Supplies,Paper,4.28,1,0.0,1.926
9657,Standard Class,Consumer,United States,New York City,New York,10035,East,Office Supplies,Art,13.04,4,0.0,5.7376
6099,Standard Class,Consumer,United States,New York City,New York,10035,East,Furniture,Chairs,2888.127,11,0.1,609.7157
3446,First Class,Corporate,United States,New York City,New York,10024,East,Office Supplies,Paper,70.88,2,0.0,33.3136
8371,First Class,Consumer,United States,Fort Worth,Texas,76106,Central,Office Supplies,Binders,4.984,1,0.8,-8.4728
9004,Same Day,Consumer,United States,Spokane,Washington,99207,West,Office Supplies,Art,23.84,8,0.0,6.4368
889,Standard Class,Consumer,United States,New Rochelle,New York,10801,East,Technology,Accessories,149.95,5,0.0,14.995
6762,Standard Class,Consumer,United States,Chicago,Illinois,60623,Central,Office Supplies,Labels,29.24,5,0.2,9.8685
4422,First Class,Corporate,United States,Sandy Springs,Georgia,30328,South,Office Supplies,Appliances,17.24,2,0.0,4.4824
51,Standard Class,Consumer,United States,New Albany,Indiana,47150,Central,Furniture,Furnishings,6.16,2,0.0,2.9568
411,Standard Class,Consumer,United States,San Francisco,California,94110,West,Office Supplies,Paper,55.98,1,0.0,27.4302
841,Standard Class,Corporate,United States,New York City,New York,10035,East,Furniture,Bookcases,186.048,4,0.2,9.3024
3710,First Class,Corporate,United States,Los Angeles,California,90045,West,Furniture,Tables,510.24,3,0.2,6.378
3759,Standard Class,Corporate,United States,Los Angeles,California,90049,West,Office Supplies,Supplies,16.9,2,0.0,5.07
2540,Same Day,Corporate,United States,San Francisco,California,94122,West,Furniture,Chairs,700.152,3,0.2,78.7671
8690,Standard Class,Corporate,United States,Akron,Ohio,44312,East,Technology,Phones,259.896,2,0.4,-56.3108
9176,Standard Class,Corporate,United States,Nashville,Tennessee,37211,South,Office Supplies,Binders,31.086,3,0.7,-20.724
9469,Second Class,Consumer,United States,New York City,New York,10024,East,Office Supplies,Paper,110.96,2,0.0,53.2608
5413,First Class,Consumer,United States,Wichita,Kansas,67212,Central,Technology,Phones,224.75,5,0.0,62.93
67,Standard Class,Corporate,United States,Gilbert,Arizona,85234,West,Office Supplies,Art,1113.024,8,0.2,111.3024
1751,First Class,Consumer,United States,Oakland,California,94601,West,Furniture,Furnishings,9.46,2,0.0,3.6894
5433,Standard Class,Consumer,United States,Chandler,Arizona,85224,West,Office Supplies,Art,8.896,4,0.2,0.6672
6898,Second Class,Consumer,United States,Naperville,Illinois,60540,Central,Furniture,Chairs,602.651,7,0.3,-163.5767
8169,Standard Class,Home Office,United States,Seattle,Washington,98105,West,Furniture,Chairs,449.568,2,0.2,-73.0548
3549,First Class,Home Office,United States,Richmond,Kentucky,40475,South,Office Supplies,Labels,30.0,8,0.0,14.4
4060,Standard Class,Consumer,United States,Chicago,Illinois,60610,Central,Technology,Accessories,68.112,3,0.2,17.8794
6941,Standard Class,Corporate,United States,New York City,New York,10009,East,Office Supplies,Storage,713.88,4,0.0,214.164
5300,Standard Class,Corporate,United States,Springfield,Virginia,22153,South,Furniture,Tables,2275.5,10,0.0,386.835
3045,Second Class,Home Office,United States,Minneapolis,Minnesota,55407,Central,Office Supplies,Art,13.9,5,0.0,3.614
5650,Second Class,Corporate,United States,Apple Valley,California,92307,West,Office Supplies,Storage,10.56,2,0.0,0.0
5362,Standard Class,Consumer,United States,Wichita,Kansas,67212,Central,Furniture,Furnishings,70.56,6,0.0,23.9904
5247,Standard Class,Consumer,United States,Frankfort,Illinois,60423,Central,Office Supplies,Appliances,20.768,8,0.8,-52.9584
5245,Second Class,Corporate,United States,Los Angeles,California,90032,West,Technology,Phones,333.576,3,0.2,33.3576
9039,Standard Class,Consumer,United States,Detroit,Michigan,48205,Central,Office Supplies,Binders,9892.74,13,0.0,4946.37
359,First Class,Corporate,United States,Columbus,Georgia,31907,South,Office Supplies,Appliances,647.84,8,0.0,168.4384
7923,Standard Class,Home Office,United States,Hollywood,Florida,33021,South,Office Supplies,Binders,15.57,3,0.7,-11.418
2744,Second Class,Corporate,United States,San Francisco,California,94122,West,Technology,Phones,125.976,3,0.2,47.241
3171,Standard Class,Consumer,United States,Chicago,Illinois,60623,Central,Office Supplies,Binders,3.168,2,0.8,-4.752
2677,Same Day,Consumer,United States,Pueblo,Colorado,81001,West,Office Supplies,Binders,11.088,7,0.7,-8.1312
5999,Standard Class,Corporate,United States,Caldwell,Idaho,83605,West,Office Supplies,Paper,25.92,4,0.0,12.4416
5740,First Class,Corporate,United States,Fairfield,California,94533,West,Furniture,Furnishings,26.48,1,0.0,10.0624
4163,Standard Class,Consumer,United States,Dover,New Hampshire,3820,East,Office Supplies,Binders,671.94,3,0.0,315.8118
7122,Standard Class,Consumer,United States,Seattle,Washington,98105,West,Furniture,Bookcases,141.96,2,0.0,41.1684
2782,Standard Class,Consumer,United States,Detroit,Michigan,48234,Central,Technology,Phones,257.98,2,0.0,74.8142
4492,Second Class,Consumer,United States,Columbus,Ohio,43229,East,Furniture,Furnishings,8.128,2,0.2,1.4224
3827,Standard Class,Corporate,United States,Detroit,Michigan,48234,Central,Furniture,Chairs,1458.65,5,0.0,423.0085
2928,Standard Class,Home Office,United States,Burlington,North Carolina,27217,South,Office Supplies,Binders,1633.188,4,0.7,-1306.5504
9613,First Class,Corporate,United States,Seattle,Washington,98115,West,Office Supplies,Appliances,22.98,1,0.0,6.894
2516,Standard Class,Consumer,United States,Houston,Texas,77095,Central,Office Supplies,Envelopes,604.656,9,0.2,204.0714
9979,Standard Class,Home Office,United States,Los Angeles,California,90032,West,Office Supplies,Binders,437.472,14,0.2,153.1152
124,Second Class,Home Office,United States,Houston,Texas,77041,Central,Furniture,Chairs,600.558,3,0.3,-8.5794
358,Standard Class,Corporate,United States,Charlotte,North Carolina,28205,South,Office Supplies,Paper,36.24,5,0.2,11.325
1884,Second Class,Consumer,United States,Keller,Texas,76248,Central,Office Supplies,Labels,6.0,2,0.2,2.1
2781,Standard Class,Consumer,United States,Lakeville,Minnesota,55044,Central,Office Supplies,Art,22.0,10,0.0,9.68
6591,Standard Class,Corporate,United States,San Francisco,California,94110,West,Office Supplies,Art,34.65,3,0.0,9.702
1085,Standard Class,Consumer,United States,Yonkers,New York,10701,East,Technology,Machines,4899.93,7,0.0,2400.9657
2175,Standard Class,Home Office,United States,Salt Lake City,Utah,84106,West,Office Supplies,Paper,45.68,2,0.0,21.0128
46,Second Class,Consumer,United States,Westland,Michigan,48185,Central,Office Supplies,Storage,211.96,4,0.0,8.4784
6281,Standard Class,Consumer,United States,Marion,Ohio,43302,East,Furniture,Furnishings,63.824,2,0.2,9.5736
5136,Standard Class,Consumer,United States,San Diego,California,92105,West,Office Supplies,Binders,8.096,2,0.2,2.7324
6991,Second Class,Consumer,United States,Hampton,Virginia,23666,South,Technology,Phones,226.2,5,0.0,58.812
4498,Standard Class,Corporate,United States,San Francisco,California,94110,West,Office Supplies,Paper,12.96,2,0.0,6.2208
2828,First Class,Consumer,United States,Lancaster,Ohio,43130,East,Office Supplies,Paper,108.336,6,0.2,37.9176
208,Standard Class,Consumer,United States,Saginaw,Michigan,48601,Central,Office Supplies,Binders,15.92,4,0.0,7.4824
1720,Standard Class,Consumer,United States,New York City,New York,10011,East,Office Supplies,Binders,47.744,4,0.2,14.92
3639,Standard Class,Home Office,United States,Springfield,Ohio,45503,East,Office Supplies,Paper,4.624,1,0.2,1.6762
4854,Second Class,Consumer,United States,Oakland,California,94601,West,Office Supplies,Storage,8.94,3,0.0,0.6258
3508,Standard Class,Consumer,United States,Plano,Texas,75023,Central,Office Supplies,Paper,15.552,3,0.2,5.4432
8768,Standard Class,Consumer,United States,Columbus,Ohio,43229,East,Technology,Accessories,288.0,4,0.2,57.6
2244,Standard Class,Home Office,United States,Pasadena,California,91104,West,Office Supplies,Fasteners,9.02,2,0.0,3.5178
8519,Standard Class,Consumer,United States,Paterson,New Jersey,7501,East,Furniture,Chairs,182.22,3,0.0,45.555
15,Standard Class,Home Office,United States,Fort Worth,Texas,76106,Central,Office Supplies,Binders,2.544,3,0.8,-3.816
5,Standard Class,Consumer,United States,Los Angeles,California,90032,West,Furniture,Furnishings,48.86,7,0.0,14.1694
5401,First Class,Consumer,United States,Seattle,Washington,98103,West,Technology,Accessories,79.98,2,0.0,26.3934
65,Standard Class,Consumer,United States,Los Angeles,California,90004,West,Furniture,Furnishings,79.76,4,0.0,22.3328
1981,Second Class,Corporate,United States,Columbus,Georgia,31907,South,Office Supplies,Binders,3.76,2,0.0,1.8048
6182,Standard Class,Consumer,United States,Columbia,South Carolina,29203,South,Office Supplies,Binders,14.6,2,0.0,6.862
9532,Standard Class,Consumer,United States,New York City,New York,10011,East,Furniture,Chairs,427.644,14,0.1,80.7772
3231,Standard Class,Consumer,United States,Houston,Texas,77095,Central,Office Supplies,Binders,26.046,3,0.8,-44.2782
3701,Second Class,Corporate,United States,Toledo,Ohio,43615,East,Furniture,Furnishings,15.168,2,0.2,3.792
6030,Same Day,Consumer,United States,Miami,Florida,33142,South,Furniture,Chairs,239.24,1,0.2,23.924
6600,Standard Class,Corporate,United States,Clinton,Maryland,20735,East,Office Supplies,Paper,146.82,3,0.0,73.41
6191,Same Day,Consumer,United States,Seattle,Washington,98103,West,Office Supplies,Storage,31.44,3,0.0,8.4888
4944,First Class,Consumer,United States,Redondo Beach,California,90278,West,Office Supplies,Paper,96.08,2,0.0,46.1184
4850,Standard Class,Consumer,United States,Pasco,Washington,99301,West,Furniture,Chairs,975.92,5,0.2,121.99
8985,Standard Class,Consumer,United States,Jacksonville,North Carolina,28540,South,Furniture,Furnishings,77.952,3,0.2,12.6672
2594,Standard Class,Corporate,United States,Columbus,Indiana,47201,Central,Office Supplies,Envelopes,180.96,2,0.0,81.432
4842,Standard Class,Consumer,United States,Memphis,Tennessee,38109,South,Office Supplies,Storage,243.92,5,0.2,-54.882
5542,Standard Class,Corporate,United States,Tucson,Arizona,85705,West,Furniture,Tables,455.97,6,0.5,-218.8656
7942,Standard Class,Consumer,United States,Dallas,Texas,75081,Central,Office Supplies,Binders,39.582,9,0.8,-59.373
8759,Standard Class,Corporate,United States,Columbia,Maryland,21044,East,Office Supplies,Binders,5.4,3,0.0,2.592
8574,Same Day,Home Office,United States,San Francisco,California,94110,West,Office Supplies,Fasteners,5.67,3,0.0,0.1134
6805,First Class,Corporate,United States,Atlanta,Georgia,30318,South,Office Supplies,Paper,9.96,2,0.0,4.8804
7158,Second Class,Consumer,United States,Los Angeles,California,90032,West,Office Supplies,Paper,5.98,1,0.0,2.9302
5249,Standard Class,Corporate,United States,Philadelphia,Pennsylvania,19143,East,Office Supplies,Fasteners,12.576,4,0.2,4.0872
8533,Standard Class,Consumer,United States,Detroit,Michigan,48227,Central,Furniture,Chairs,389.97,3,0.0,35.0973
1793,Standard Class,Corporate,United States,Houston,Texas,77041,Central,Office Supplies,Storage,60.416,2,0.2,6.0416
3142,Second Class,Consumer,United States,Cincinnati,Ohio,45231,East,Technology,Accessories,119.96,5,0.2,35.988
1789,Standard Class,Corporate,United States,Kenosha,Wisconsin,53142,Central,Technology,Accessories,139.95,5,0.0,26.5905
6540,First Class,Consumer,United States,Seattle,Washington,98103,West,Office Supplies,Paper,73.68,6,0.0,34.6296
4609,Standard Class,Consumer,United States,Rochester,New York,14609,East,Office Supplies,Paper,45.36,7,0.0,21.7728
176,Second Class,Consumer,United States,Houston,Texas,77036,Central,Office Supplies,Appliances,97.264,4,0.8,-243.16
6460,First Class,Corporate,United States,Baltimore,Maryland,21215,East,Office Supplies,Art,37.2,5,0.0,9.3
9973,Standard Class,Home Office,United States,Los Angeles,California,90032,West,Technology,Phones,271.96,5,0.2,27.196
6879,Second Class,Home Office,United States,Seattle,Washington,98105,West,Furniture,Chairs,2003.92,5,0.2,125.245
5535,First Class,Consumer,United States,Little Rock,Arkansas,72209,South,Office Supplies,Binders,64.14,3,0.0,30.7872
2282,First Class,Corporate,United States,Middletown,Connecticut,6457,East,Office Supplies,Paper,48.16,7,0.0,22.1536
9539,First Class,Consumer,United States,Providence,Rhode Island,2908,East,Office Supplies,Paper,39.96,2,0.0,18.7812
4341,Standard Class,Consumer,United States,Arlington,Virginia,22204,South,Office Supplies,Storage,544.38,3,0.0,157.8702
3113,Standard Class,Consumer,United States,Seattle,Washington,98105,West,Office Supplies,Envelopes,135.9,5,0.0,63.873
8872,Same Day,Consumer,United States,Columbus,Ohio,43229,East,Technology,Machines,101.994,2,0.7,-71.3958
8204,Same Day,Corporate,United States,New York City,New York,10024,East,Technology,Machines,4643.8,4,0.0,2229.024
4304,Second Class,Consumer,United States,Seattle,Washington,98105,West,Furniture,Furnishings,63.92,4,0.0,3.196
2801,First Class,Consumer,United States,Salem,Oregon,97301,West,Office Supplies,Art,7.88,1,0.2,1.773
1529,Second Class,Corporate,United States,Newark,Delaware,19711,East,Office Supplies,Paper,7.3,2,0.0,3.431
3258,Second Class,Corporate,United States,Franklin,Tennessee,37064,South,Office Supplies,Binders,2.946,2,0.7,-2.0622
6830,Second Class,Corporate,United States,New York City,New York,10009,East,Technology,Phones,197.97,3,0.0,53.4519
6835,Standard Class,Corporate,United States,Thousand Oaks,California,91360,West,Office Supplies,Labels,152.65,5,0.0,70.219
9883,Standard Class,Corporate,United States,Los Angeles,California,90008,West,Office Supplies,Envelopes,11.16,2,0.0,5.58
8684,Standard Class,Home Office,United States,San Diego,California,92024,West,Technology,Accessories,21.21,7,0.0,4.4541
4716,Second Class,Home Office,United States,Seattle,Washington,98115,West,Furniture,Tables,521.96,2,0.0,88.7332
3661,Second Class,Home Office,United States,Jackson,Michigan,49201,Central,Technology,Phones,377.97,3,0.0,94.4925
7931,Standard Class,Corporate,United States,Portland,Oregon,97206,West,Furniture,Chairs,230.28,3,0.2,23.028
851,Second Class,Corporate,United States,Salinas,California,93905,West,Office Supplies,Paper,38.88,6,0.0,18.6624
2050,First Class,Consumer,United States,Philadelphia,Pennsylvania,19134,East,Office Supplies,Binders,6.48,4,0.7,-4.752
4209,Second Class,Consumer,United States,Cranston,Rhode Island,2920,East,Furniture,Tables,385.686,1,0.3,-60.6078
1375,Second Class,Consumer,United States,Pleasant Grove,Utah,84062,West,Office Supplies,Appliances,1089.75,3,0.0,305.13
9663,Standard Class,Consumer,United States,San Francisco,California,94109,West,Office Supplies,Storage,193.95,3,0.0,9.6975
6267,Second Class,Home Office,United States,Cambridge,Massachusetts,2138,East,Technology,Phones,311.98,2,0.0,93.594
2992,Standard Class,Corporate,United States,New York City,New York,10024,East,Office Supplies,Appliances,61.44,3,0.0,16.5888
748,Second Class,Consumer,United States,Evanston,Illinois,60201,Central,Technology,Phones,11.992,1,0.2,0.8994
5045,Second Class,Consumer,United States,Los Angeles,California,90036,West,Office Supplies,Storage,720.76,4,0.0,187.3976
4627,Standard Class,Corporate,United States,New York City,New York,10011,East,Office Supplies,Storage,24.88,2,0.0,6.9664
2675,Standard Class,Consumer,United States,Asheville,North Carolina,28806,South,Office Supplies,Art,8.76,5,0.2,0.7665
7071,Standard Class,Consumer,United States,Mcallen,Texas,78501,Central,Office Supplies,Art,4.448,2,0.2,0.3336
4580,Standard Class,Corporate,United States,Hattiesburg,Mississippi,39401,South,Technology,Accessories,239.7,6,0.0,105.468
1480,Standard Class,Consumer,United States,San Francisco,California,94122,West,Office Supplies,Paper,40.46,7,0.0,19.8254
7960,Standard Class,Corporate,United States,Chico,California,95928,West,Technology,Phones,7.992,1,0.2,2.6973
9393,First Class,Consumer,United States,New York City,New York,10011,East,Technology,Phones,629.95,5,0.0,157.4875
1054,Standard Class,Home Office,United States,New York City,New York,10009,East,Furniture,Furnishings,108.4,2,0.0,22.764
474,Second Class,Consumer,United States,San Francisco,California,94110,West,Office Supplies,Storage,92.52,6,0.0,24.9804
885,Second Class,Corporate,United States,Los Angeles,California,90045,West,Office Supplies,Binders,13.944,3,0.2,4.5318
6468,Standard Class,Home Office,United States,Providence,Rhode Island,2908,East,Technology,Phones,629.95,5,0.0,176.386
5739,First Class,Corporate,United States,Fairfield,California,94533,West,Office Supplies,Paper,12.96,2,0.0,6.3504
8029,Standard Class,Consumer,United States,San Antonio,Texas,78207,Central,Technology,Accessories,106.08,6,0.2,-9.282
4013,Standard Class,Consumer,United States,Atlanta,Georgia,30318,South,Office Supplies,Appliances,542.94,3,0.0,152.0232
7530,Same Day,Corporate,United States,San Francisco,California,94109,West,Office Supplies,Binders,931.176,3,0.2,314.2719
1517,Second Class,Consumer,United States,Seattle,Washington,98105,West,Office Supplies,Binders,83.84,2,0.2,27.248
3368,Standard Class,Consumer,United States,Las Vegas,Nevada,89115,West,Furniture,Bookcases,141.96,2,0.0,41.1684
8167,Standard Class,Corporate,United States,San Francisco,California,94122,West,Furniture,Tables,863.128,7,0.2,-32.3673
2707,Standard Class,Home Office,United States,Carlsbad,New Mexico,88220,West,Office Supplies,Paper,192.16,4,0.0,92.2368
8256,Standard Class,Consumer,United States,Seattle,Washington,98103,West,Office Supplies,Storage,46.74,3,0.0,11.685
5248,Second Class,Consumer,United States,Seattle,Washington,98105,West,Technology,Accessories,43.5,3,0.0,10.875
8258,Standard Class,Consumer,United States,Seattle,Washington,98103,West,Office Supplies,Binders,100.704,6,0.2,37.764
8458,Standard Class,Consumer,United States,Houston,Texas,77070,Central,Office Supplies,Binders,25.68,3,0.8,-39.804
6461,First Class,Corporate,United States,Baltimore,Maryland,21215,East,Technology,Accessories,89.97,3,0.0,18.8937
2483,Standard Class,Home Office,United States,Seattle,Washington,98105,West,Furniture,Tables,1137.75,5,0.0,250.305
7319,Second Class,Consumer,United States,New York City,New York,10009,East,Technology,Phones,979.95,5,0.0,264.5865
3629,Standard Class,Corporate,United States,Columbus,Ohio,43229,East,Office Supplies,Appliances,52.272,3,0.2,9.801
5342,Standard Class,Corporate,United States,Dallas,Texas,75220,Central,Office Supplies,Envelopes,1.632,1,0.2,0.5508
8055,Standard Class,Consumer,United States,Los Angeles,California,90049,West,Furniture,Bookcases,307.666,2,0.15,28.9568
5876,Standard Class,Home Office,United States,Lawrence,Massachusetts,1841,East,Office Supplies,Binders,447.86,7,0.0,219.4514
2632,Standard Class,Consumer,United States,Seattle,Washington,98103,West,Furniture,Chairs,42.624,2,0.2,4.2624
2484,Standard Class,Home Office,United States,Seattle,Washington,98105,West,Office Supplies,Binders,99.68,5,0.2,32.396
697,First Class,Home Office,United States,Chester,Pennsylvania,19013,East,Office Supplies,Labels,97.696,4,0.2,31.7512
5312,Standard Class,Home Office,United States,Greenville,North Carolina,27834,South,Office Supplies,Supplies,28.048,2,0.2,3.506
9891,Second Class,Corporate,United States,Milwaukee,Wisconsin,53209,Central,Technology,Accessories,124.25,7,0.0,48.4575
3818,Standard Class,Consumer,United States,Mobile,Alabama,36608,South,Furniture,Chairs,1056.86,7,0.0,306.4894
1152,Standard Class,Corporate,United States,Reno,Nevada,89502,West,Office Supplies,Art,3.64,2,0.0,1.638
2161,Standard Class,Home Office,United States,Oakland,California,94601,West,Office Supplies,Art,34.58,1,0.0,10.0282
2736,Standard Class,Consumer,United States,Newark,Delaware,19711,East,Office Supplies,Paper,42.28,7,0.0,19.8716
6596,First Class,Corporate,United States,Columbus,Ohio,43229,East,Office Supplies,Paper,5.344,1,0.2,1.8704
2011,Same Day,Consumer,United States,Houston,Texas,77041,Central,Technology,Accessories,159.984,2,0.2,35.9964
1365,First Class,Corporate,United States,Tucson,Arizona,85705,West,Technology,Accessories,239.952,6,0.2,-35.9928
2673,Second Class,Corporate,United States,Lowell,Massachusetts,1852,East,Office Supplies,Storage,1325.85,5,0.0,238.653
3143,Second Class,Consumer,United States,Cincinnati,Ohio,45231,East,Office Supplies,Art,10.608,6,0.2,0.9282
2409,First Class,Home Office,United States,San Francisco,California,94122,West,Furniture,Furnishings,211.84,8,0.0,76.2624
2754,Standard Class,Consumer,United States,San Francisco,California,94122,West,Technology,Phones,783.96,5,0.2,68.5965
6785,Second Class,Consumer,United States,Philadelphia,Pennsylvania,19143,East,Office Supplies,Storage,259.92,5,0.2,-25.992
4914,Second Class,Consumer,United States,Seattle,Washington,98105,West,Office Supplies,Art,35.96,2,0.0,10.4284
7380,Standard Class,Consumer,United States,Omaha,Nebraska,68104,Central,Office Supplies,Labels,14.4,5,0.0,7.056
4220,Second Class,Consumer,United States,Seattle,Washington,98103,West,Office Supplies,Binders,18.288,6,0.2,6.6294
122,First Class,Consumer,United States,Wilmington,Delaware,19805,East,Office Supplies,Envelopes,115.02,9,0.0,51.759
1508,Same Day,Home Office,United States,Omaha,Nebraska,68104,Central,Office Supplies,Binders,34.5,3,0.0,15.525
8476,Standard Class,Home Office,United States,Mesa,Arizona,85204,West,Office Supplies,Paper,44.784,1,0.2,16.2342
9264,Standard Class,Corporate,United States,Memphis,Tennessee,38109,South,Office Supplies,Binders,11.673,3,0.7,-7.782
8249,Second Class,Consumer,United States,Chicago,Illinois,60653,Central,Office Supplies,Binders,11.212,2,0.8,-16.818
2647,Second Class,Consumer,United States,Tulsa,Oklahoma,74133,Central,Office Supplies,Paper,12.96,2,0.0,6.2208
8019,First Class,Consumer,United States,Saint Louis,Missouri,63116,Central,Office Supplies,Appliances,83.9,10,0.0,20.975
4878,First Class,Consumer,United States,Pensacola,Florida,32503,South,Office Supplies,Binders,2.214,3,0.7,-1.476
2506,Second Class,Consumer,United States,San Francisco,California,94122,West,Furniture,Furnishings,77.92,8,0.0,34.2848
9253,Second Class,Consumer,United States,Pine Bluff,Arkansas,71603,South,Office Supplies,Paper,12.96,2,0.0,6.2208
187,Standard Class,Corporate,United States,Grand Prairie,Texas,75051,Central,Office Supplies,Storage,37.224,3,0.2,3.7224
4179,Standard Class,Home Office,United States,San Francisco,California,94109,West,Office Supplies,Binders,14.976,9,0.2,5.4288
3926,Standard Class,Consumer,United States,Seattle,Washington,98103,West,Furniture,Furnishings,35.34,2,0.0,13.4292
7879,Standard Class,Corporate,United States,Philadelphia,Pennsylvania,19140,East,Furniture,Tables,337.176,2,0.4,-118.0116
4753,Standard Class,Consumer,United States,Austin,Texas,78745,Central,Technology,Accessories,22.368,4,0.2,6.4308
2019,Standard Class,Consumer,United States,San Bernardino,California,92404,West,Office Supplies,Paper,40.14,6,0.0,19.6686
9796,Standard Class,Corporate,United States,Toledo,Ohio,43615,East,Office Supplies,Art,10.368,2,0.2,1.5552
6758,Standard Class,Corporate,United States,Lakewood,New Jersey,8701,East,Office Supplies,Storage,81.96,2,0.0,0.0
6590,First Class,Consumer,United States,Delray Beach,Florida,33445,South,Office Supplies,Labels,9.912,3,0.2,3.2214
3748,Second Class,Corporate,United States,Inglewood,California,90301,West,Office Supplies,Appliances,321.92,4,0.0,96.576
4855,Second Class,Consumer,United States,Oakland,California,94601,West,Furniture,Furnishings,9.24,3,0.0,4.4352
2197,Standard Class,Consumer,United States,Montgomery,Alabama,36116,South,Office Supplies,Art,14.67,3,0.0,3.9609
371,Standard Class,Consumer,United States,Harlingen,Texas,78550,Central,Office Supplies,Storage,53.424,3,0.2,4.6746
6575,Standard Class,Consumer,United States,Los Angeles,California,90008,West,Technology,Accessories,1049.44,8,0.0,440.7648
7677,Standard Class,Home Office,United States,Providence,Rhode Island,2908,East,Office Supplies,Paper,195.64,4,0.0,91.9508
3821,Standard Class,Consumer,United States,New York City,New York,10024,East,Office Supplies,Paper,18.98,2,0.0,8.9206
9405,First Class,Home Office,United States,Chicago,Illinois,60653,Central,Technology,Machines,574.91,2,0.3,156.047
4986,Standard Class,Home Office,United States,Colorado Springs,Colorado,80906,West,Office Supplies,Paper,15.552,3,0.2,5.4432
3112,Standard Class,Consumer,United States,Seattle,Washington,98105,West,Technology,Machines,837.6,3,0.2,62.82
1042,Second Class,Consumer,United States,New York City,New York,10035,East,Furniture,Bookcases,722.352,3,0.2,90.294
9272,Standard Class,Corporate,United States,New York City,New York,10024,East,Technology,Phones,631.96,4,0.0,303.3408
2682,Standard Class,Home Office,United States,Jackson,Michigan,49201,Central,Technology,Machines,350.973,3,0.1,152.0883
8947,Standard Class,Corporate,United States,New Bedford,Massachusetts,2740,East,Office Supplies,Binders,12.3,5,0.0,6.15
9601,Standard Class,Consumer,United States,Jonesboro,Arkansas,72401,South,Office Supplies,Paper,239.5,5,0.0,114.96
7598,Standard Class,Consumer,United States,Springfield,Oregon,97477,West,Office Supplies,Art,38.256,3,0.2,4.782
4219,Second Class,Consumer,United States,Seattle,Washington,98103,West,Office Supplies,Paper,37.94,2,0.0,18.2112
7817,Second Class,Home Office,United States,North Las Vegas,Nevada,89031,West,Office Supplies,Paper,35.88,6,0.0,17.5812
641,Second Class,Consumer,United States,Mission Viejo,California,92691,West,Office Supplies,Storage,330.4,2,0.0,85.904
2271,Standard Class,Consumer,United States,Seattle,Washington,98105,West,Office Supplies,Storage,199.74,6,0.0,47.9376
6814,First Class,Consumer,United States,Philadelphia,Pennsylvania,19140,East,Technology,Machines,241.17,2,0.7,-168.819
9344,First Class,Home Office,United States,Troy,Ohio,45373,East,Office Supplies,Binders,5.715,5,0.7,-4.7625
7517,Second Class,Consumer,United States,Richmond,Kentucky,40475,South,Technology,Accessories,146.45,5,0.0,48.3285
8714,Standard Class,Corporate,United States,San Diego,California,92105,West,Office Supplies,Binders,29.8,5,0.2,9.3125
7634,Second Class,Consumer,United States,Louisville,Kentucky,40214,South,Office Supplies,Art,34.58,1,0.0,10.0282
3757,Standard Class,Consumer,United States,Newark,Ohio,43055,East,Office Supplies,Art,111.104,7,0.2,8.3328
8235,Standard Class,Consumer,United States,Jacksonville,Florida,32216,South,Furniture,Tables,933.262,4,0.45,-458.1468
2182,Standard Class,Consumer,United States,New York City,New York,10009,East,Technology,Machines,3999.95,5,0.0,1159.9855
8682,Standard Class,Home Office,United States,Arlington,Virginia,22204,South,Technology,Accessories,47.79,3,0.0,16.2486
311,Second Class,Corporate,United States,Arvada,Colorado,80004,West,Furniture,Furnishings,15.232,1,0.2,1.7136
1122,Standard Class,Consumer,United States,Jonesboro,Arkansas,72401,South,Office Supplies,Art,22.96,7,0.0,6.6584
5492,Same Day,Home Office,United States,San Francisco,California,94122,West,Office Supplies,Supplies,7.36,2,0.0,0.1472
7665,Standard Class,Home Office,United States,Providence,Rhode Island,2908,East,Office Supplies,Binders,30.4,1,0.0,13.984
1632,Same Day,Consumer,United States,Cleveland,Ohio,44105,East,Office Supplies,Paper,10.368,2,0.2,3.6288
8596,First Class,Corporate,United States,Arlington,Virginia,22204,South,Office Supplies,Paper,35.44,1,0.0,16.6568
6000,Standard Class,Corporate,United States,Caldwell,Idaho,83605,West,Office Supplies,Paper,91.36,4,0.0,42.0256
3579,Standard Class,Consumer,United States,Jackson,Mississippi,39212,South,Office Supplies,Paper,65.5,5,0.0,32.095
9436,Same Day,Consumer,United States,Philadelphia,Pennsylvania,19143,East,Office Supplies,Binders,2.946,2,0.7,-2.0622
2933,Standard Class,Consumer,United States,Seattle,Washington,98105,West,Technology,Phones,156.792,1,0.2,13.7193
296,First Class,Corporate,United States,Colorado Springs,Colorado,80906,West,Office Supplies,Binders,78.6,5,0.7,-62.88
3696,Standard Class,Corporate,United States,Springfield,Virginia,22153,South,Office Supplies,Appliances,43.26,3,0.0,14.2758
3506,Standard Class,Consumer,United States,Plano,Texas,75023,Central,Office Supplies,Binders,3.392,4,0.8,-5.088
8485,Standard Class,Home Office,United States,Fresno,California,93727,West,Office Supplies,Paper,45.68,2,0.0,21.0128
9270,Standard Class,Consumer,United States,New York City,New York,10035,East,Office Supplies,Binders,4305.552,6,0.2,1453.1238
5627,Standard Class,Corporate,United States,Miami,Florida,33180,South,Office Supplies,Labels,13.872,6,0.2,4.6818
8924,Standard Class,Consumer,United States,Rockford,Illinois,61107,Central,Technology,Phones,1439.968,4,0.2,143.9968
3723,Standard Class,Corporate,United States,Phoenix,Arizona,85023,West,Office Supplies,Binders,551.985,5,0.7,-459.9875
8502,Second Class,Corporate,United States,Los Angeles,California,90045,West,Furniture,Chairs,184.752,3,0.2,-20.7846
5073,Same Day,Consumer,United States,San Francisco,California,94109,West,Office Supplies,Storage,62.8,4,0.0,15.7
514,Standard Class,Consumer,United States,Los Angeles,California,90049,West,Office Supplies,Art,5.88,2,0.0,1.7052
8604,Standard Class,Corporate,United States,San Antonio,Texas,78207,Central,Technology,Accessories,165.6,3,0.2,-6.21
2089,Standard Class,Corporate,United States,Rancho Cucamonga,California,91730,West,Office Supplies,Labels,5.76,2,0.0,2.6496
36,First Class,Corporate,United States,Richardson,Texas,75080,Central,Furniture,Furnishings,190.92,5,0.6,-147.963
315,Standard Class,Corporate,United States,Saint Petersburg,Florida,33710,South,Office Supplies,Paper,15.552,3,0.2,5.4432
9162,Standard Class,Consumer,United States,Eau Claire,Wisconsin,54703,Central,Furniture,Chairs,680.01,3,0.0,176.8026
7081,Standard Class,Consumer,United States,Charlotte,North Carolina,28205,South,Technology,Accessories,1012.68,3,0.2,303.804
1962,Second Class,Consumer,United States,Springfield,Missouri,65807,Central,Office Supplies,Binders,13.71,3,0.0,6.5808
804,First Class,Consumer,United States,San Francisco,California,94122,West,Furniture,Furnishings,18.28,2,0.0,6.2152
3682,Standard Class,Consumer,United States,Clinton,Maryland,20735,East,Office Supplies,Art,79.36,4,0.0,32.5376
2386,First Class,Consumer,United States,Fresno,California,93727,West,Technology,Copiers,479.984,2,0.2,59.998
808,First Class,Consumer,United States,Omaha,Nebraska,68104,Central,Technology,Accessories,149.97,3,0.0,50.9898
3213,Standard Class,Corporate,United States,Philadelphia,Pennsylvania,19134,East,Office Supplies,Art,1.504,1,0.2,0.1692
8920,Standard Class,Corporate,United States,Jamestown,New York,14701,East,Technology,Accessories,159.98,2,0.0,57.5928
7379,Standard Class,Consumer,United States,Omaha,Nebraska,68104,Central,Office Supplies,Storage,40.74,3,0.0,0.4074
5514,First Class,Consumer,United States,New York City,New York,10009,East,Office Supplies,Appliances,160.32,2,0.0,44.8896
9118,Second Class,Consumer,United States,Philadelphia,Pennsylvania,19140,East,Office Supplies,Paper,21.696,4,0.2,7.0512
1967,Standard Class,Consumer,United States,Paterson,New Jersey,7501,East,Office Supplies,Supplies,69.5,5,0.0,20.155
1524,Standard Class,Consumer,United States,Tucson,Arizona,85705,West,Office Supplies,Storage,247.104,6,0.2,-58.6872
2566,Second Class,Consumer,United States,Bellingham,Washington,98226,West,Office Supplies,Binders,25.12,5,0.2,7.85
7896,Standard Class,Home Office,United States,Wheeling,West Virginia,26003,East,Office Supplies,Paper,447.84,8,0.0,219.4416
560,Second Class,Consumer,United States,San Francisco,California,94110,West,Office Supplies,Binders,84.056,7,0.2,27.3182
8350,Standard Class,Corporate,United States,Lawrence,Massachusetts,1841,East,Office Supplies,Paper,6.48,1,0.0,3.1104
66,Standard Class,Home Office,United States,Chicago,Illinois,60610,Central,Furniture,Chairs,213.115,5,0.3,-15.2225
924,Standard Class,Corporate,United States,New York City,New York,10011,East,Office Supplies,Binders,841.568,2,0.2,294.5488
1438,Same Day,Consumer,United States,Amarillo,Texas,79109,Central,Furniture,Chairs,2453.43,5,0.3,-350.49
1387,Same Day,Home Office,United States,Smyrna,Georgia,30080,South,Office Supplies,Envelopes,167.96,2,0.0,78.9412
5538,Standard Class,Consumer,United States,Norfolk,Nebraska,68701,Central,Office Supplies,Binders,17.43,3,0.0,8.0178
4231,Standard Class,Corporate,United States,Dallas,Texas,75220,Central,Office Supplies,Paper,15.552,3,0.2,5.6376
221,First Class,Consumer,United States,Dublin,Ohio,43017,East,Office Supplies,Binders,19.776,4,0.7,-13.8432
258,Second Class,Consumer,United States,New York City,New York,10009,East,Technology,Accessories,20.37,3,0.0,6.9258
7146,Standard Class,Home Office,United States,Philadelphia,Pennsylvania,19140,East,Office Supplies,Storage,43.28,1,0.2,3.246
4044,Standard Class,Consumer,United States,San Francisco,California,94110,West,Furniture,Furnishings,204.85,5,0.0,57.358
654,Standard Class,Consumer,United States,Columbus,Ohio,43229,East,Office Supplies,Appliances,113.552,2,0.2,8.5164
160,First Class,Consumer,United States,Los Angeles,California,90045,West,Office Supplies,Paper,5.98,1,0.0,2.691
6924,Standard Class,Consumer,United States,New York City,New York,10035,East,Office Supplies,Paper,23.66,7,0.0,10.8836
7155,Second Class,Consumer,United States,Columbus,Georgia,31907,South,Office Supplies,Binders,157.9,5,0.0,74.213
7641,First Class,Home Office,United States,Pueblo,Colorado,81001,West,Technology,Machines,703.71,6,0.7,-938.28
4257,Standard Class,Corporate,United States,Medford,Oregon,97504,West,Office Supplies,Binders,9.762,2,0.7,-6.8334
818,Standard Class,Consumer,United States,Philadelphia,Pennsylvania,19140,East,Office Supplies,Binders,3.168,3,0.7,-2.4288
2350,Same Day,Corporate,United States,Los Angeles,California,90032,West,Office Supplies,Paper,10.86,2,0.0,5.3214
4962,First Class,Consumer,United States,Seattle,Washington,98103,West,Office Supplies,Art,17.94,3,0.0,4.6644
7667,Standard Class,Home Office,United States,Providence,Rhode Island,2908,East,Office Supplies,Storage,119.1,3,0.0,34.539
1108,Standard Class,Consumer,United States,Houston,Texas,77041,Central,Office Supplies,Fasteners,58.368,12,0.2,21.888
3426,Standard Class,Home Office,United States,Dubuque,Iowa,52001,Central,Furniture,Chairs,1408.1,10,0.0,394.268
8175,Standard Class,Corporate,United States,Chicago,Illinois,60623,Central,Office Supplies,Paper,156.512,4,0.2,52.8228
3624,Second Class,Home Office,United States,San Francisco,California,94109,West,Furniture,Chairs,681.408,12,0.2,42.588
3099,Standard Class,Consumer,United States,New York City,New York,10024,East,Office Supplies,Binders,10.776,3,0.2,3.5022
7341,Standard Class,Consumer,United States,Atlanta,Georgia,30318,South,Office Supplies,Labels,162.89,13,0.0,76.5583
2148,Standard Class,Consumer,United States,Concord,California,94521,West,Furniture,Furnishings,43.31,1,0.0,4.331
3947,Standard Class,Home Office,United States,Pasadena,Texas,77506,Central,Office Supplies,Art,6.368,2,0.2,1.0348
3480,Standard Class,Corporate,United States,San Francisco,California,94110,West,Furniture,Tables,1421.664,6,0.2,-195.4788
5354,Standard Class,Corporate,United States,Los Angeles,California,90004,West,Furniture,Chairs,279.456,6,0.2,20.9592
513,Standard Class,Consumer,United States,Los Angeles,California,90049,West,Office Supplies,Art,6.63,3,0.0,1.7901
531,Second Class,Corporate,United States,Los Angeles,California,90036,West,Furniture,Chairs,190.72,1,0.2,11.92
8135,Standard Class,Consumer,United States,Los Angeles,California,90008,West,Office Supplies,Labels,87.71,7,0.0,41.2237
6015,Standard Class,Corporate,United States,Los Angeles,California,90049,West,Furniture,Furnishings,91.96,2,0.0,15.6332
7049,Standard Class,Home Office,United States,Aurora,Colorado,80013,West,Office Supplies,Art,14.576,2,0.2,2.3686
6360,Standard Class,Home Office,United States,Los Angeles,California,90032,West,Office Supplies,Art,56.3,2,0.0,15.764
9057,Standard Class,Consumer,United States,Los Angeles,California,90045,West,Furniture,Furnishings,74.76,7,0.0,23.9232
6008,Standard Class,Consumer,United States,Los Angeles,California,90049,West,Office Supplies,Paper,68.52,3,0.0,31.5192
4643,Standard Class,Consumer,United States,Seattle,Washington,98105,West,Office Supplies,Binders,6.368,2,0.2,2.1492
6065,First Class,Consumer,United States,Philadelphia,Pennsylvania,19120,East,Office Supplies,Labels,23.904,6,0.2,7.7688
2795,Standard Class,Corporate,United States,Redondo Beach,California,90278,West,Office Supplies,Binders,18.088,7,0.2,6.5569
4834,Standard Class,Home Office,United States,San Francisco,California,94110,West,Office Supplies,Binders,39.92,5,0.2,13.473
6364,Standard Class,Consumer,United States,Renton,Washington,98059,West,Office Supplies,Paper,51.84,8,0.0,24.8832
2272,Standard Class,Consumer,United States,San Francisco,California,94122,West,Furniture,Furnishings,435.26,7,0.0,95.7572
2865,Same Day,Consumer,United States,San Francisco,California,94122,West,Office Supplies,Art,59.52,3,0.0,15.4752
5771,Standard Class,Corporate,United States,Los Angeles,California,90032,West,Office Supplies,Appliances,1158.12,4,0.0,335.8548
4502,Standard Class,Corporate,United States,Houston,Texas,77095,Central,Office Supplies,Fasteners,21.312,6,0.2,7.1928
646,Standard Class,Corporate,United States,Sierra Vista,Arizona,85635,West,Office Supplies,Fasteners,31.56,5,0.2,9.8625
2198,Standard Class,Consumer,United States,Philadelphia,Pennsylvania,19120,East,Office Supplies,Paper,15.552,3,0.2,5.4432
1605,Second Class,Consumer,United States,Los Angeles,California,90049,West,Office Supplies,Art,5.46,3,0.0,1.5288
5908,Standard Class,Corporate,United States,San Jose,California,95123,West,Office Supplies,Appliances,59.7,3,0.0,26.865
1945,Standard Class,Corporate,United States,Carrollton,Texas,75007,Central,Office Supplies,Paper,10.368,2,0.2,3.6288
3251,First Class,Consumer,United States,Philadelphia,Pennsylvania,19120,East,Furniture,Furnishings,60.312,3,0.2,5.2773
2325,Second Class,Corporate,United States,New York City,New York,10035,East,Office Supplies,Binders,79.872,3,0.2,29.952
6882,Second Class,Home Office,United States,Seattle,Washington,98105,West,Office Supplies,Storage,146.73,3,0.0,2.9346
398,Second Class,Consumer,United States,Houston,Texas,77036,Central,Office Supplies,Storage,35.952,3,0.2,3.5952
7826,Standard Class,Corporate,United States,Chicago,Illinois,60610,Central,Technology,Phones,508.768,4,0.2,38.1576
9089,Second Class,Consumer,United States,Springfield,Ohio,45503,East,Office Supplies,Storage,295.4,5,0.2,-62.7725
3543,First Class,Consumer,United States,Columbus,Ohio,43229,East,Office Supplies,Art,2.672,1,0.2,0.3674
2330,Second Class,Corporate,United States,Los Angeles,California,90004,West,Office Supplies,Storage,41.96,2,0.0,2.9372
300,Standard Class,Corporate,United States,Belleville,New Jersey,7109,East,Office Supplies,Paper,56.91,3,0.0,27.3168
1082,Standard Class,Consumer,United States,Yonkers,New York,10701,East,Furniture,Tables,836.592,8,0.4,-264.9208
4290,Second Class,Home Office,United States,Los Angeles,California,90004,West,Office Supplies,Art,11.16,2,0.0,2.79
893,First Class,Home Office,United States,Detroit,Michigan,48227,Central,Technology,Phones,543.92,8,0.0,135.98
9703,Standard Class,Home Office,United States,Wilmington,Delaware,19805,East,Office Supplies,Binders,849.95,5,0.0,390.977
3600,Standard Class,Consumer,United States,Denver,Colorado,80219,West,Technology,Accessories,431.928,9,0.2,64.7892
8998,Same Day,Consumer,United States,Houston,Texas,77041,Central,Office Supplies,Paper,274.064,7,0.2,102.774
6604,Standard Class,Consumer,United States,Santa Ana,California,92704,West,Office Supplies,Fasteners,5.94,3,0.0,0.0
5748,Standard Class,Consumer,United States,Greenville,North Carolina,27834,South,Technology,Accessories,16.56,3,0.2,-2.484
9201,First Class,Consumer,United States,Perth Amboy,New Jersey,8861,East,Office Supplies,Binders,315.98,1,0.0,148.5106
2185,Second Class,Corporate,United States,Salinas,California,93905,West,Office Supplies,Binders,54.896,2,0.2,18.5274
6389,Standard Class,Corporate,United States,Springfield,Virginia,22153,South,Office Supplies,Envelopes,311.15,5,0.0,146.2405
6117,Standard Class,Home Office,United States,New York City,New York,10011,East,Office Supplies,Labels,14.94,3,0.0,6.8724
78,Second Class,Consumer,United States,Houston,Texas,77070,Central,Furniture,Furnishings,19.3,5,0.6,-14.475
4822,Same Day,Home Office,United States,Yuma,Arizona,85364,West,Office Supplies,Binders,44.856,6,0.7,-35.8848
3114,Standard Class,Consumer,United States,Seattle,Washington,98105,West,Office Supplies,Paper,34.68,6,0.0,16.9932
7325,Standard Class,Consumer,United States,Pasco,Washington,99301,West,Office Supplies,Appliances,400.8,5,0.0,112.224
9660,Standard Class,Home Office,United States,Santa Barbara,California,93101,West,Technology,Phones,3023.928,9,0.2,226.7946
2575,Standard Class,Corporate,United States,Columbus,Georgia,31907,South,Office Supplies,Binders,319.9,5,0.0,156.751
5781,Second Class,Consumer,United States,Chico,California,95928,West,Office Supplies,Art,2.21,1,0.0,0.5967
8487,Standard Class,Home Office,United States,Fresno,California,93727,West,Office Supplies,Paper,11.94,3,0.0,5.97
4045,Standard Class,Corporate,United States,Houston,Texas,77070,Central,Office Supplies,Binders,9.156,3,0.8,-13.734
5969,First Class,Consumer,United States,San Diego,California,92105,West,Office Supplies,Binders,8.704,2,0.2,3.1552
3069,Same Day,Home Office,United States,Toledo,Ohio,43615,East,Office Supplies,Appliances,663.936,4,0.2,82.992
7011,Standard Class,Consumer,United States,New York City,New York,10035,East,Office Supplies,Supplies,5.04,2,0.0,0.1512
2619,Standard Class,Corporate,United States,Carlsbad,New Mexico,88220,West,Technology,Phones,67.04,4,0.2,6.704
8541,First Class,Corporate,United States,Philadelphia,Pennsylvania,19140,East,Office Supplies,Storage,33.568,2,0.2,1.6784
520,Standard Class,Consumer,United States,Houston,Texas,77041,Central,Office Supplies,Storage,129.568,2,0.2,-25.9136
2392,Standard Class,Consumer,United States,New York City,New York,10009,East,Furniture,Furnishings,113.92,4,0.0,42.1504
6774,Standard Class,Home Office,United States,Los Angeles,California,90004,West,Office Supplies,Paper,38.88,6,0.0,18.6624
9664,Same Day,Corporate,United States,Riverside,California,92503,West,Office Supplies,Paper,12.96,2,0.0,6.2208
5866,Second Class,Corporate,United States,Meriden,Connecticut,6450,East,Furniture,Chairs,1133.35,5,0.0,294.671
5903,Same Day,Home Office,United States,San Francisco,California,94122,West,Office Supplies,Paper,45.36,4,0.0,22.2264
2621,Standard Class,Corporate,United States,Carlsbad,New Mexico,88220,West,Office Supplies,Labels,18.45,5,0.0,8.6715
3039,Standard Class,Corporate,United States,Pasadena,California,91104,West,Furniture,Tables,171.288,3,0.2,-6.4233
9267,Same Day,Consumer,United States,Freeport,New York,11520,East,Furniture,Chairs,102.582,1,0.1,6.8388
2403,Standard Class,Corporate,United States,Huntsville,Texas,77340,Central,Furniture,Bookcases,956.6648,7,0.32,-225.0976
4686,Standard Class,Corporate,United States,Philadelphia,Pennsylvania,19120,East,Office Supplies,Fasteners,10.584,7,0.2,-2.3814
2688,First Class,Corporate,United States,Los Angeles,California,90032,West,Office Supplies,Paper,15.7,5,0.0,7.065
7093,Standard Class,Consumer,United States,Henderson,Kentucky,42420,South,Office Supplies,Paper,51.55,5,0.0,24.2285
1760,Standard Class,Consumer,United States,San Diego,California,92105,West,Furniture,Bookcases,411.332,4,0.15,-4.8392
8253,Standard Class,Consumer,United States,Seattle,Washington,98103,West,Technology,Copiers,299.99,1,0.0,89.997
6976,Standard Class,Corporate,United States,Gilbert,Arizona,85234,West,Furniture,Furnishings,621.76,4,0.2,46.632
6464,Standard Class,Home Office,United States,Louisville,Kentucky,40214,South,Furniture,Furnishings,13.28,2,0.0,6.3744
798,First Class,Corporate,United States,Rochester,New York,14609,East,Office Supplies,Labels,21.56,7,0.0,10.3488
1475,Standard Class,Home Office,United States,Niagara Falls,New York,14304,East,Office Supplies,Binders,17.712,3,0.2,6.4206
7576,Second Class,Corporate,United States,Seattle,Washington,98115,West,Technology,Accessories,41.94,2,0.0,15.0984
7695,First Class,Home Office,United States,Houston,Texas,77036,Central,Office Supplies,Paper,163.96,5,0.2,59.4355
8440,Second Class,Home Office,United States,Columbus,Ohio,43229,East,Office Supplies,Paper,10.584,3,0.2,3.4398
4946,First Class,Consumer,United States,Redondo Beach,California,90278,West,Office Supplies,Fasteners,4.36,2,0.0,1.7876
8852,Second Class,Consumer,United States,New York City,New York,10011,East,Office Supplies,Paper,123.92,4,0.0,55.764
6569,Standard Class,Consumer,United States,Houston,Texas,77095,Central,Furniture,Chairs,317.058,3,0.3,-18.1176
5962,Second Class,Home Office,United States,Los Angeles,California,90004,West,Office Supplies,Appliances,7.78,2,0.0,2.0228
1817,Second Class,Consumer,United States,Los Angeles,California,90036,West,Office Supplies,Labels,9.96,2,0.0,4.5816
8997,Same Day,Consumer,United States,Houston,Texas,77041,Central,Office Supplies,Paper,56.704,2,0.2,19.1376
4452,First Class,Consumer,United States,San Francisco,California,94109,West,Office Supplies,Envelopes,43.96,2,0.0,20.6612
360,First Class,Corporate,United States,Columbus,Georgia,31907,South,Office Supplies,Labels,20.7,2,0.0,9.936
8294,Standard Class,Consumer,United States,New York City,New York,10011,East,Technology,Phones,299.9,2,0.0,74.975
940,First Class,Corporate,United States,San Francisco,California,94110,West,Office Supplies,Paper,17.12,2,0.0,8.0464
2777,Second Class,Consumer,United States,Bakersfield,California,93309,West,Furniture,Bookcases,195.466,2,0.15,-13.7976
249,Second Class,Consumer,United States,San Francisco,California,94109,West,Furniture,Chairs,321.568,2,0.2,28.1372
988,Standard Class,Corporate,United States,Auburn,New York,13021,East,Furniture,Furnishings,520.05,5,0.0,72.807
4714,First Class,Consumer,United States,Portland,Oregon,97206,West,Technology,Phones,344.704,2,0.2,38.7792
2046,Standard Class,Corporate,United States,Perth Amboy,New Jersey,8861,East,Technology,Phones,597.0,3,0.0,280.59
6488,Standard Class,Consumer,United States,Jacksonville,North Carolina,28540,South,Office Supplies,Paper,295.456,14,0.2,96.0232
6873,Second Class,Consumer,United States,Beaumont,Texas,77705,Central,Office Supplies,Binders,10.78,5,0.8,-17.248
6062,Second Class,Consumer,United States,San Diego,California,92037,West,Technology,Copiers,1199.96,5,0.2,224.9925
7707,Standard Class,Corporate,United States,Orem,Utah,84057,West,Office Supplies,Art,11.68,2,0.0,4.2048
9526,First Class,Home Office,United States,Seattle,Washington,98115,West,Technology,Phones,31.176,3,0.2,-7.0146
3905,Standard Class,Home Office,United States,Philadelphia,Pennsylvania,19143,East,Office Supplies,Binders,10.428,4,0.7,-6.952
1495,Standard Class,Consumer,United States,Coppell,Texas,75019,Central,Office Supplies,Art,10.192,7,0.2,3.185
1951,Standard Class,Corporate,United States,New York City,New York,10009,East,Technology,Phones,197.97,3,0.0,57.4113
3407,Standard Class,Home Office,United States,Columbus,Ohio,43229,East,Office Supplies,Binders,7.488,8,0.7,-5.2416
49,Standard Class,Consumer,United States,New Albany,Indiana,47150,Central,Office Supplies,Binders,38.22,6,0.0,17.9634
6929,Second Class,Consumer,United States,San Francisco,California,94109,West,Technology,Phones,862.344,7,0.2,97.0137
2747,Standard Class,Home Office,United States,Frisco,Texas,75034,Central,Technology,Accessories,27.168,4,0.2,-1.3584
6011,Standard Class,Consumer,United States,Los Angeles,California,90049,West,Office Supplies,Envelopes,271.44,3,0.0,122.148
939,Standard Class,Corporate,United States,Riverside,California,92503,West,Office Supplies,Appliances,134.48,4,0.0,34.9648
5769,Standard Class,Consumer,United States,Leominster,Massachusetts,1453,East,Office Supplies,Paper,22.72,4,0.0,10.224
4927,Standard Class,Home Office,United States,Fairfield,Connecticut,6824,East,Office Supplies,Paper,19.44,3,0.0,9.3312
7041,Standard Class,Consumer,United States,New York City,New York,10009,East,Furniture,Furnishings,124.36,2,0.0,27.3592
3090,Standard Class,Consumer,United States,Newark,Delaware,19711,East,Office Supplies,Binders,447.86,7,0.0,219.4514
1914,Standard Class,Home Office,United States,Boynton Beach,Florida,33437,South,Office Supplies,Labels,4.608,2,0.2,1.6704
7336,Standard Class,Consumer,United States,New York City,New York,10024,East,Furniture,Bookcases,449.568,2,0.2,56.196
4726,Second Class,Home Office,United States,New York City,New York,10009,East,Office Supplies,Storage,1117.92,4,0.0,55.896
21,Standard Class,Corporate,United States,Fremont,Nebraska,68025,Central,Office Supplies,Art,19.46,7,0.0,5.0596
535,Standard Class,Consumer,United States,Mesa,Arizona,85204,West,Office Supplies,Storage,16.768,2,0.2,1.4672
7300,First Class,Consumer,United States,Des Plaines,Illinois,60016,Central,Furniture,Bookcases,424.116,6,0.3,-30.294
7669,Second Class,Home Office,United States,Everett,Massachusetts,2149,East,Office Supplies,Paper,59.94,3,0.0,28.1718
7950,Standard Class,Consumer,United States,El Paso,Texas,79907,Central,Office Supplies,Storage,129.552,3,0.2,-22.6716
3986,Standard Class,Home Office,United States,Plainfield,New Jersey,7060,East,Office Supplies,Storage,2591.56,4,0.0,621.9744
4530,First Class,Consumer,United States,New York City,New York,10009,East,Furniture,Chairs,408.006,2,0.1,72.5344
2438,Second Class,Consumer,United States,Louisville,Colorado,80027,West,Office Supplies,Paper,35.808,4,0.2,12.5328
6143,Standard Class,Consumer,United States,Manchester,Connecticut,6040,East,Office Supplies,Art,119.04,6,0.0,48.8064
3140,First Class,Consumer,United States,New York City,New York,10035,East,Office Supplies,Appliances,206.43,3,0.0,90.8292
1624,Standard Class,Consumer,United States,Los Angeles,California,90049,West,Technology,Phones,675.96,5,0.2,84.495
3514,First Class,Corporate,United States,Chicago,Illinois,60653,Central,Office Supplies,Art,6.912,3,0.2,0.864
2951,Same Day,Home Office,United States,Glendale,Arizona,85301,West,Furniture,Chairs,113.888,2,0.2,9.9652
2950,Same Day,Home Office,United States,Glendale,Arizona,85301,West,Office Supplies,Paper,23.12,5,0.2,8.381
832,Second Class,Consumer,United States,Florence,Kentucky,41042,South,Technology,Phones,65.99,1,0.0,17.1574
7888,Standard Class,Consumer,United States,Davis,California,95616,West,Office Supplies,Paper,32.4,5,0.0,15.552
8932,Standard Class,Corporate,United States,Milwaukee,Wisconsin,53209,Central,Technology,Accessories,29.34,3,0.0,10.8558
3963,First Class,Home Office,United States,Los Angeles,California,90045,West,Furniture,Furnishings,44.67,3,0.0,12.0609
6104,First Class,Home Office,United States,Philadelphia,Pennsylvania,19143,East,Furniture,Tables,314.532,2,0.4,-83.8752
5977,First Class,Consumer,United States,Mesa,Arizona,85204,West,Technology,Phones,552.0,10,0.2,34.5
8366,Second Class,Corporate,United States,Santa Clara,California,95051,West,Office Supplies,Supplies,27.36,4,0.0,7.3872
5959,Second Class,Corporate,United States,San Francisco,California,94109,West,Furniture,Chairs,770.352,3,0.2,77.0352
8469,Standard Class,Home Office,United States,Clarksville,Tennessee,37042,South,Furniture,Bookcases,387.136,4,0.2,-14.5176
722,Standard Class,Corporate,United States,Detroit,Michigan,48205,Central,Office Supplies,Storage,296.37,3,0.0,80.0199
9100,Standard Class,Home Office,United States,Dallas,Texas,75081,Central,Technology,Accessories,791.88,3,0.2,128.6805
5708,Standard Class,Consumer,United States,New York City,New York,10024,East,Office Supplies,Supplies,357.93,3,0.0,7.1586
5646,Standard Class,Corporate,United States,Alexandria,Virginia,22304,South,Furniture,Furnishings,192.22,14,0.0,69.1992
5828,Second Class,Home Office,United States,New York City,New York,10035,East,Office Supplies,Art,5.56,2,0.0,2.224
9841,Standard Class,Consumer,United States,Long Beach,California,90805,West,Office Supplies,Art,5.76,2,0.0,1.6704
3983,Second Class,Consumer,United States,Los Angeles,California,90045,West,Technology,Copiers,2799.96,5,0.2,944.9865
5796,Second Class,Consumer,United States,New York City,New York,10011,East,Furniture,Furnishings,117.36,4,0.0,36.3816
4811,Second Class,Consumer,United States,Philadelphia,Pennsylvania,19134,East,Furniture,Chairs,380.058,3,0.3,-21.7176
7421,Second Class,Corporate,United States,Philadelphia,Pennsylvania,19134,East,Office Supplies,Storage,126.08,2,0.2,-28.368
3089,Second Class,Home Office,United States,Henderson,Kentucky,42420,South,Technology,Phones,671.93,7,0.0,188.1404
6514,Standard Class,Home Office,United States,San Francisco,California,94109,West,Technology,Phones,206.384,2,0.2,23.2182
4417,Second Class,Consumer,United States,Detroit,Michigan,48205,Central,Office Supplies,Binders,478.24,8,0.0,219.9904
4769,Second Class,Home Office,United States,San Francisco,California,94109,West,Office Supplies,Binders,11.952,3,0.2,4.1832
1761,Standard Class,Consumer,United States,San Diego,California,92105,West,Office Supplies,Binders,28.752,6,0.2,9.7038
9720,Standard Class,Corporate,United States,Green Bay,Wisconsin,54302,Central,Furniture,Furnishings,18.96,2,0.0,7.584
5418,First Class,Consumer,United States,Houston,Texas,77041,Central,Office Supplies,Paper,36.288,7,0.2,12.7008
3453,Second Class,Consumer,United States,Macon,Georgia,31204,South,Office Supplies,Binders,58.72,4,0.0,27.0112
7373,Second Class,Consumer,United States,Long Beach,California,90805,West,Office Supplies,Supplies,110.11,7,0.0,31.9319
4727,Second Class,Home Office,United States,New York City,New York,10009,East,Furniture,Bookcases,275.952,3,0.2,-37.9434
934,Standard Class,Home Office,United States,Philadelphia,Pennsylvania,19120,East,Office Supplies,Binders,29.718,6,0.7,-21.7932
9628,Standard Class,Consumer,United States,Newark,Ohio,43055,East,Office Supplies,Paper,37.408,7,0.2,13.0928
8115,Standard Class,Corporate,United States,Los Angeles,California,90049,West,Furniture,Furnishings,148.02,3,0.0,41.4456
3328,Standard Class,Consumer,United States,Houston,Texas,77095,Central,Office Supplies,Paper,262.336,8,0.2,95.0968
6314,Standard Class,Corporate,United States,Jackson,Michigan,49201,Central,Office Supplies,Art,151.92,4,0.0,45.576
7829,Standard Class,Corporate,United States,San Diego,California,92105,West,Office Supplies,Art,59.52,3,0.0,15.4752
2609,Standard Class,Corporate,United States,Arlington,Texas,76017,Central,Furniture,Tables,1218.735,5,0.3,-121.8735
7211,Standard Class,Corporate,United States,Seattle,Washington,98115,West,Office Supplies,Binders,51.648,12,0.2,18.7224
9658,Standard Class,Consumer,United States,New York City,New York,10035,East,Furniture,Chairs,579.528,4,0.1,83.7096
2909,Standard Class,Consumer,United States,Seattle,Washington,98103,West,Office Supplies,Fasteners,11.22,3,0.0,0.2244
234,Standard Class,Home Office,United States,Tampa,Florida,33614,South,Furniture,Furnishings,258.072,3,0.2,0.0
9123,Second Class,Consumer,United States,Philadelphia,Pennsylvania,19120,East,Office Supplies,Binders,78.759,9,0.7,-57.7566
3019,Standard Class,Consumer,United States,West Jordan,Utah,84084,West,Office Supplies,Fasteners,5.04,3,0.0,0.2016
3330,Standard Class,Consumer,United States,Houston,Texas,77095,Central,Technology,Phones,241.176,3,0.2,15.0735
6691,Standard Class,Corporate,United States,Milwaukee,Wisconsin,53209,Central,Office Supplies,Appliances,155.88,6,0.0,54.558
9798,Standard Class,Corporate,United States,Toledo,Ohio,43615,East,Technology,Phones,26.376,4,0.4,2.6376
9401,Standard Class,Consumer,United States,Tucson,Arizona,85705,West,Furniture,Furnishings,4.272,2,0.2,0.9612
5947,Second Class,Home Office,United States,Des Moines,Iowa,50315,Central,Office Supplies,Binders,25.9,5,0.0,12.691
749,Standard Class,Consumer,United States,Trenton,Michigan,48183,Central,Office Supplies,Binders,58.05,3,0.0,26.703
1135,Same Day,Consumer,United States,Homestead,Florida,33030,South,Office Supplies,Storage,85.224,3,0.2,7.4571
5469,First Class,Home Office,United States,San Diego,California,92105,West,Office Supplies,Paper,19.44,3,0.0,9.3312
6018,Standard Class,Corporate,United States,Los Angeles,California,90049,West,Office Supplies,Paper,55.48,1,0.0,26.6304
4424,First Class,Corporate,United States,Sandy Springs,Georgia,30328,South,Technology,Phones,34.75,5,0.0,15.6375
84,First Class,Home Office,United States,Chicago,Illinois,60623,Central,Office Supplies,Storage,230.376,3,0.2,-48.9549
6601,Standard Class,Corporate,United States,Clinton,Maryland,20735,East,Furniture,Chairs,239.84,8,0.0,64.7568
6905,Second Class,Corporate,United States,Brentwood,California,94513,West,Office Supplies,Storage,10.68,1,0.0,2.8836
7907,First Class,Corporate,United States,San Francisco,California,94122,West,Office Supplies,Appliances,715.64,2,0.0,178.91
2085,Standard Class,Consumer,United States,New York City,New York,10009,East,Office Supplies,Labels,18.45,5,0.0,8.6715
9819,Standard Class,Corporate,United States,Saint Petersburg,Florida,33710,South,Office Supplies,Labels,9.0,3,0.2,3.15
2474,First Class,Consumer,United States,Los Angeles,California,90032,West,Technology,Accessories,82.95,5,0.0,29.0325
4506,Standard Class,Home Office,United States,Los Angeles,California,90045,West,Technology,Phones,818.376,3,0.2,51.1485
8923,Standard Class,Consumer,United States,Hickory,North Carolina,28601,South,Office Supplies,Binders,4.572,4,0.7,-3.81
3893,Standard Class,Consumer,United States,Houston,Texas,77036,Central,Technology,Accessories,279.944,7,0.2,48.9902
8077,Standard Class,Corporate,United States,East Point,Georgia,30344,South,Office Supplies,Binders,165.98,1,0.0,74.691
8388,Standard Class,Corporate,United States,Orange,New Jersey,7050,East,Office Supplies,Appliances,76.12,2,0.0,22.0748
4527,Standard Class,Home Office,United States,Rome,New York,13440,East,Furniture,Furnishings,39.08,4,0.0,14.4596
4072,Second Class,Home Office,United States,Indianapolis,Indiana,46203,Central,Technology,Copiers,999.98,2,0.0,449.991
1582,First Class,Consumer,United States,New York City,New York,10024,East,Office Supplies,Binders,1217.568,2,0.2,456.588
4121,Same Day,Consumer,United States,Seattle,Washington,98103,West,Office Supplies,Paper,37.44,6,0.0,16.848
5645,Standard Class,Corporate,United States,Morristown,New Jersey,7960,East,Furniture,Furnishings,74.45,5,0.0,20.1015
2107,Same Day,Consumer,United States,Redlands,California,92374,West,Office Supplies,Paper,19.98,1,0.0,9.3906
70,Standard Class,Consumer,United States,New York City,New York,10009,East,Office Supplies,Binders,4.616,1,0.2,1.731
7926,Second Class,Corporate,United States,New York City,New York,10035,East,Technology,Accessories,2.97,3,0.0,1.3365
3365,First Class,Consumer,United States,Mission Viejo,California,92691,West,Furniture,Bookcases,290.666,2,0.15,3.4196
3005,Standard Class,Home Office,United States,Eau Claire,Wisconsin,54703,Central,Office Supplies,Binders,91.68,3,0.0,45.84
